,date,persName,roleName,rs
1,1902-1911,"ABRAHAMS, SIR B. LIONEL",K.C.B.,"Secretary, Financial Department, India Office"
2,1911-1917,"ABRAHAMS, SIR B. LIONEL",K.C.B.,Assistant Under-Secretary for India
3,1880-1881,"ADAM, Rt. Hon. WILLIAM P.",C.I.E.,Governor of Madras
4,1910-1915,"ADAMSON, SIR HARVEY",K.C.S.I.,Lieutenant-Governor of Burma
5,1882-1887,"AITCHISON, SIR CHARLES U.","K.C.S.I., C.I.E.",Lieutenant-Governor of the Punjab
6,1897-1900,"AMPHILL, A. OLIVER V., 2nd LORD","G.C.S.I., G.C.I.E.",Private Secretary to the Secretary of State for the Colonies
7,1900-1906,"AMPHILL, A. OLIVER V., 2nd LORD","G.C.S.I., G.C.I.E.",Governor of Madras
8,1866-1879,"ANDERSON, SIR HENRY L.",K.C.S.I.,"Secretary, Judicial and Public/Judicial, Public and Revenue Department, India Office"
9,1920-1922,"ANDERSON, Rt. Hon. SIR JOHN","G.C.B., G.C.S.I., G.C.I.E.",Joint Under-Secretary for Ireland
10,1922-1932,"ANDERSON, Rt. Hon. SIR JOHN","G.C.B., G.C.S.I., G.C.I.E.","Permanent Under-Secretary, Home Office"
11,1932-1937,"ANDERSON, Rt. Hon. SIR JOHN","G.C.B., G.C.S.I., G.C.I.E.",Governor of Bengal
12,1942-1947,"ANDERSON, SIR KENNETH","K.B.E., C.B.","Joint Secretary, Financial Department, India Office"
13,1908-1911,"BAKER, SIR EDWARD N.",K.C.S.I.,Lieutenant-Governor of Bengal
14,1903-1905,"BARNES, SIR HUGH S.","K.C.S.I., K.C.V.O.",Lieutenant-Governor of Burma
15,1932-1943,"BAXTER, GEORGE H.","C.M.G., C.I.E.","Joint Secretary, Financial Department, India Office"
16,1943-1947,"BAXTER, GEORGE H.","C.M.G., C.I.E.",Assistant Under-Secretary for India
17,1947-1954,"BAXTER, GEORGE H.","C.M.G., C.I.E.",Assistant Under-Secretary for Commonwealth Relations (Finance and General)
18,1911-1912,"BAYLEY, SIR CHARLES S.","G.C.I.E., K.C.S.I.",Lieutenant-Governor of Eastern Bengal and Assam
19,1912-1915,"BAYLEY, SIR CHARLES S.","G.C.I.E., K.C.S.I.",Bihar and Orissa
20,1878-1880,"BAYLEY, SIR STEUART C.","G.C.S.I., C.I.E.","Secretary, Home Department, Government of India"
21,1887-1890,"BAYLEY, SIR STEUART C.","G.C.S.I., C.I.E.",Lieutenant-Governor of Bengal
22,1890-1895,"BAYLEY, SIR STEUART C.","G.C.S.I., C.I.E.","Secretary, Political and Secret Department, India Office"
23,1862-1867,"BEADON, SIR CECIL",K.C.S.I.,Lieutenant-Governor of Bengal
24,1921,"BEATSON BELL, SIR NICHOLAS D.","K.C.S.I., K.C.I.E.",Governor of Assam
25,1868-1874,"BENTHALL, WILLIAM H.",,Private Secretary to the Secretary of State for India
26,1888-1901,"BERNARD, SIR CHARLES E.",K.C.S.I.,"Secretary, Revenue and Statistics Department, India Office"
27,1880-1882,"BICKERSTETH, ROBERT",,Private Secretary to the Secretary of State for the Colonies
28,1882-1885,"BICKERSTETH, ROBERT",,Private Secretary to the Secretary of State for India
29,1858-1867,"BOURDILLON, EDMUND D.",,"Secretary, Public, Educational and Ecclesiastical Department, India Office"
30,1946-1947,"BOURNE, SIR FREDERICK C.","K.C.S.I., C.I.E.",Governor of Central Provinces and Berar
31,1931-1937,"BRABOURNE, MICHAEL H.R. 5th LORD","G.C.S.I., G.C.I.E., M.C.",Governor of Bombay
32,1937-1939,"BRABOURNE, MICHAEL H.R. 5th LORD","G.C.S.I., G.C.I.E., M.C.",Governor of Bengal
33,1887-1890,"BRADFORD, Colonel SIR EDWARD R.C., Bt.","G.C.B., G.C.V.O., K.C.S.I.","Secretary, Political and Secret Department, India Office"
34,1946-1947,"BROWN, ROBERT S.",O.B.E.,"Secretary, Financial Department, India Office"
35,1919-1924,"BROWN, SIR STUART K.","K.C.I.E., C.B., C.V.O.",Private Secretary to the Secretary of State for India
36,1924-1934,"BROWN, SIR STUART K.","K.C.I.E., C.B., C.V.O.","Joint Secretary, Military Department, India Office"
37,1934-1940,"BROWN, SIR STUART K.","K.C.I.E., C.B., C.V.O.",Assistant Under-Secretary for India
38,1940-1942,"BROWN, SIR STUART K.","K.C.I.E., C.B., C.V.O.",Deputy Under-Secretary for India
39,1875-1880,"BUCKINGHAM, Rt. Hon. RICHARD P.C., 3rd DUKE OF BUCKINGHAM AND CHANDOS",G.C.S.I.,Governor of Madras
40,1874-1887,"BURNE, Major-General SIR OWEN T.","G.C.I.E., K.C.S.I.","Secretary, Political and Secret Department, India Office"
41,1946-1947,"BURROWS, SIR FREDERICK J.","G.C.S.I., G.C.I.E.",Governor of Bengal
42,1925-1933,"BUTLER, SIR MONTAGU S.D.","K.C.S.I., C.B., C.I.E., C.V.O., C.B.E.",Governor of the Central Provinces and Berar
43,1933-1937,"BUTLER, SIR MONTAGU S.D.","K.C.S.I., C.B., C.I.E., C.V.O., C.B.E.",Lieutenant-Governor of the Isle of Man
44,1915-1917,"BUTLER, SIR S. HARCOURT","G.C.S.I., G.C.I.E.",Lieutenant-Governor of Burma
45,1918-1922,"BUTLER, SIR S. HARCOURT","G.C.S.I., G.C.I.E.",Lieutenant-Governor/Governor of United Provinces
46,1922-1927,"BUTLER, SIR S. HARCOURT","G.C.S.I., G.C.I.E.",Lieutenant-Governor/Governor of Burma
47,1894-1895,"CAMPBELL, COLIN G.",C.B.,Private Secrretary to the Secretary of State for India
48,1907-1911,"CAMPBELL, COLIN G.",C.B.,Assistant Under-Secretary for India
49,1871-1874,"CAMPBELL, SIR GEORGE",K.C.S.I.,Lieutenant-Governor of Bengal
50,1856-1862,"CANNING, Rt. Hon. CHARLES J., 1st EARL","K.G., G.C.B., G.C.S.I.",Governor-General/Viceroy of India
51,1908-1911,"CARMICHAEL, THOMAS D., 1st LORD","G.C.S.I., G.C.I.E., K.C.M.G.",Governor of Victoria
52,1911-1912,"CARMICHAEL, THOMAS D., 1st LORD","G.C.S.I., G.C.I.E., K.C.M.G.",Governor of Madras
53,1912-1917,"CARMICHAEL, THOMAS D., 1st LORD","G.C.S.I., G.C.I.E., K.C.M.G.",Governor of Bengal
54,1946-1947,"CAROE, SIR OLAF K.","K.C.S.I., K.C.I.E.",Governor of North-West Frontier Province
55,1924-1927,"CARTER, SIR R.H. ARCHIBALD","G.C.M.G., K.C.B., K.C.I.E.",Private Secretary to the Secretary of State for India
56,1930-1933,"CARTER, SIR R.H. ARCHIBALD","G.C.M.G., K.C.B., K.C.I.E.","Joint Secretary, Political Department, India Office"
57,1933-1936,"CARTER, SIR R.H. ARCHIBALD","G.C.M.G., K.C.B., K.C.I.E.","Joint Secretary, Financial Department, India Office"
58,1936,"CARTER, SIR R.H. ARCHIBALD","G.C.M.G., K.C.B., K.C.I.E.",Assistant Under-Secretary for India
59,1936-1940,"CARTER, SIR R.H. ARCHIBALD","G.C.M.G., K.C.B., K.C.I.E.",Secretary of the Admiralty
60,1942-1946,"CARTER, SIR R.H. ARCHIBALD","G.C.M.G., K.C.B., K.C.I.E.",Chairman of the Board of Customs and Excise
61,1947,"CARTER, SIR R.H. ARCHIBALD","G.C.M.G., K.C.B., K.C.I.E.",Permanent Under-Secretary for India
62,1947-1948,"CARTER, SIR R.H. ARCHIBALD","G.C.M.G., K.C.B., K.C.I.E.",Joint Permanent Under-Secretary for Commonwealth Relations
63,1944-1946,"CASEY, Rt. Hon. RICHARD G.G.","C.H., D.S.O., M.C.",Governor of Bengal
64,1965-1969,"CASEY, Rt. Hon. RICHARD G.G.","C.H., D.S.O., M.C.",Governor-General of Australia
65,1917-1933,"CHAMIER, SIR EDWARD M. des S.","K.C.S.I., K.C.I.E.","Legal Adviser, India Office"
66,1905-1909,"CHELMSFORD, Rt. Hon. FREDERIC J.N., 1st VISCOUNT","G.C.S.I., G.C.M.G., G.C.I.E., G.B.E.",Governor of Queensland
67,1909-1913,"CHELMSFORD, Rt. Hon. FREDERIC J.N., 1st VISCOUNT","G.C.S.I., G.C.M.G., G.C.I.E., G.B.E.",Governor of New South Wales
68,1916-1921,"CHELMSFORD, Rt. Hon. FREDERIC J.N., 1st VISCOUNT","G.C.S.I., G.C.M.G., G.C.I.E., G.B.E.",Viceroy of India
69,1901-1903,"CLARKE, SIR GEORGE S.","G.C.S.I., G.C.M.G., G.C.I.E., G.B.E.",Governor of Victoria
70,1907-1913,"CLARKE, SIR GEORGE S.","G.C.S.I., G.C.M.G., G.C.I.E., G.B.E.",Governor of Bombay
71,1937-1941,"CLAUSON, MILES J.",C.I.E.,Private Secretary to the Secretary of State for India
72,1944-1947,"CLAUSON, MILES J.",C.I.E.,"Secretary, Political Department (States), India Office"
73,1848-1850,"CLERK, SIR GEORGE R.","G.C.S.I., K.C.B.",Governor of Bombay
74,1858-1860,"CLERK, SIR GEORGE R.","G.C.S.I., K.C.B.",Permanent Under-Secretary for India
75,1860-1862,"CLERK, SIR GEORGE R.","G.C.S.I., K.C.B.",Governor of Bombay
76,1942-1947,"CLOW, SIR ANDREW G.","K.C.S.I., C.I.E.",Governor of Assam
77,1936-1941,"COCHRANE, Captain the Hon. SIR ARCHIBALD D.","G.C.M.G., K.C.S.I., D.S.O.",Governor of Burma
78,1943-1948,"COLVILLE, Rt. Hon. SIR DAVID J.",G.C.I.E.,Governor of Bombay
79,1887-1892,"COLVIN, SIR AUCKLAND","K.C.S.I., K.C.M.G., C.I.E.",Lieutenant-Governor of North-Western Provinces
80,1892-1897,"COLVIN, CHARLES S.",,"Secretary, Public Works Department, India Office"
81,1853-1857,"COLVIN, JOHN R.",,Lieutenant-Governor of North-Western Provinces
82,1886-1890,"CONNEMARA, Rt. Hon. ROBERT, 1st LORD",G.C.I.E.,Governor of Madras
83,1876-1882,"COUPER, SIR GEORGE E.W., Bt.","K.C.S.I., C.B., C.I.E.",Lieutenant-Governor of North-Western Provinces
84,1918-1922,"CRADDOCK, SIR REGINALD H.","G.C.I.E., K.C.S.I.",Lieutenant-Governor of Burma
85,1938-1941,"CRAIK, SIR HENRY D., Bt.","G.C.I.E., K.C.S.I.",Governor of the Punjab
86,1931-1936,"CROFT, SIR WILLIAM D.","K.C.B., K.B.E., C.I.E., C.V.O.",Private Secretary to the Secretary of State for India
87,1937-1940,"CROFT, SIR WILLIAM D.","K.C.B., K.B.E., C.I.E., C.V.O.","Secretary, Economic and Overseas Department, India Office"
88,1940-1941,"CROFT, SIR WILLIAM D.","K.C.B., K.B.E., C.I.E., C.V.O.",Assistant Under-Secretary for India
89,1941-1947,"CROFT, SIR WILLIAM D.","K.C.B., K.B.E., C.I.E., C.V.O.",Deputy Under-Secretary for India
90,1947,"CROFT, SIR WILLIAM D.","K.C.B., K.B.E., C.I.E., C.V.O.",Deputy Under-Secretary for Commonwealth Relations
91,1947-1955,"CROFT, SIR WILLIAM D.","K.C.B., K.B.E., C.I.E., C.V.O.",Chairman of the Board for Customs and Excise
92,1892-1895,"CROSTHWAITE, SIR CHARLES H.T.",K.C.S.I.,Lieutenant-Governor of North-Western Provinces
93,1925-1926,"CUNNINGHAM, SIR GEORGE","G.C.I.E., K.C.S.I., O.B.E.","Counsellor, Legation, Afghanistan"
94,1937-1946,"CUNNINGHAM, SIR GEORGE","G.C.I.E., K.C.S.I., O.B.E.",Governor of North-West Frontier Province
95,1899-1905,"CURZON, Rt. Hon. GEORGE N., 1st MARQUESS OF KEDLESTON","K.G., G.C.S.I., G.C.I.E.",Viceroy of India
96,1908-1913,"DANE, SIR LOUIS W.","G.C.I.E., C.S.I.",Lieutenant-Governor of the Punjab
97,1880-1892,"DANVERS, SIR JULAND",K.C.S.I.,"Secretary, Public Works Department, India Office"
98,1871-1877,"DAVIES, SIR R. HENRY",K.C.S.I.,Lieutenant-Governor of the Punjab
99,"1929-1941, 1932-1941","DAWSON, SIR VERNON",K.C.I.E.,"Joint Secretary, Public and Department, India Office"
100,1928-1933,"de MONTMORENCY, SIR GEOFFREY F.","G.C.I.E., K.C.S.I., K.C.V.O., C.B.E.",Governor of the Punjab
101,1855-1861,"DENISON, SIR WILLIAM T.",K.C.B.,Governor of New South Wales
102,1861-1866,"DENISON, SIR WILLIAM T.",K.C.B.,Governor of Madras
103,1936-1941,"DIBDIN, AUBREY",C.I.E.,"Joint Secretary, Reforms Department, India Office"
104,1937-1941,"DIBDIN, AUBREY",C.I.E.,"Joint Secretary, Public and Judicial Department, India Office"
105,1941-1945,"DIBDIN, AUBREY",C.I.E.,"Joint Secretary, Economic and Overseas Department, India Office"
106,1945-1947,"DONALDSON, EION P.",C.M.G.,"Secretary of Political (External) Department, India Office"
107,1941-1946,"DORMAN-SMITH, Colonel Rt. Hon., SIR REGINALD H.",G.B.E.,Governor of Burma
108,1941-1946,"DOW, SIR HUGH","G.C.I.E., K.C.S.I.",Governor of Sind
109,1946-1947,"DOW, SIR HUGH","G.C.I.E., K.C.S.I.",Governor of Bihar
110,1948-1951,"DOW, SIR HUGH","G.C.I.E., K.C.S.I.","Consul-General, Jerusalem"
111,1912-1915,"DRAKE, FRANCIS C.",,"Secretary, Revenue and Statistics Department, India Office"
112,1863-1868,"DRUMMOND, Hon. SIR EDMUND",K.C.I.E.,Lieutenant-Governor of North-Western Provinces
113,1872-1878,"DUFFERIN AND AVA, Rt. Hon. FREDERICK, 1st MARQUESS OF","K.P., G.C.B., G.C.S.I., G.C.M.G., G.C.I.E.",Governor-General of Canada
114,1879-1881,"DUFFERIN AND AVA, Rt. Hon. FREDERICK, 1st MARQUESS OF","K.P., G.C.B., G.C.S.I., G.C.M.G., G.C.I.E.",Ambassador to Russia
115,1881-1884,"DUFFERIN AND AVA, Rt. Hon. FREDERICK, 1st MARQUESS OF","K.P., G.C.B., G.C.S.I., G.C.M.G., G.C.I.E.",Ambassador to Turkey
116,1884-1888,"DUFFERIN AND AVA, Rt. Hon. FREDERICK, 1st MARQUESS OF","K.P., G.C.B., G.C.S.I., G.C.M.G., G.C.I.E.",Viceroy of India
117,1888-1891,"DUFFERIN AND AVA, Rt. Hon. FREDERICK, 1st MARQUESS OF","K.P., G.C.B., G.C.S.I., G.C.M.G., G.C.I.E.",Ambassador to Italy
118,1891-1894,"DUFFERIN AND AVA, Rt. Hon. FREDERICK, 1st MARQUESS OF","K.P., G.C.B., G.C.S.I., G.C.M.G., G.C.I.E.",Ambassador to France
119,1911-1912,"DUKE, SIR F. WILLIAM","G.C.I.E., K.C.S.I.",Lieutenant-Governor of Bengal
120,1920-1924,"DUKE, SIR F. WILLIAM","G.C.I.E., K.C.S.I.",Permanent Under-Secretary for India
121,1924-1929,"DUMBELL, PERCY H.",,"Secretary, Services and General Department, India Office"
122,1870-1871,"DURAND, Major-General SIR HENRY M.","K.C.S.I., C.B.",Lieutenant-Governor of the Punjab
123,1860-1863,"EASTWICK, EDWARD B.",C.B.,"Secretary of Legation, Persia"
124,1866-1867,"EASTWICK, EDWARD B.",C.B.,Private Secretary to the Secretary of State for India
125,1877-1882,"EDEN, Hon. Sir ASHLEY","K.C.S.I., C.I.E.",Lieutenant-Governor of Bengal
126,1859-1863,"EDMONDSTONE, SIR GEORGE F.",K.C.B.,Lieutenant-Governor of North-Western Provinces
127,1877-1882,"EGERTON, SIR ROBERT E.","K.C.S.I., C.I.E.",Lieutenant-Governor of the Punjab
128,1847-1854,"ELGIN, Rt. Hon. JAMES, 8th EARL OF ELGIN AND 12th EARL OF KINCARDINE","K.T., G.C.B.",Governor-General of Canada
129,1862-1863,"ELGIN, Rt. Hon. JAMES, 8th EARL OF ELGIN AND 12th EARL OF KINCARDINE","K.T., G.C.B.",Viceroy of India
130,1894-1899,"ELGIN, Rt. Hon. VICTOR A., 9th EARL OF ELGIN AND 13th EARL OF KINCARDINE","K.G., G.C.S.I., G.C.I.E.",Viceroy of India
131,1890-1895,"ELLIOTT, SIR CHARLES A.",K.C.S.I.,Lieutenant-Governor of Bengal
132,1837-1842,"ELPHINSTONE, Rt. Hon. JOHN, 13th and 1st LORD",G.C.B.,Governor of Madras
133,1853-1860,"ELPHINSTONE, Rt. Hon. JOHN, 13th and 1st LORD",G.C.B.,Governor of Bombay
134,1933-1938,"EMERSON, SIR HERBERT W.","G.C.I.E., K.C.S.I., C.B.E.",Governor of the Punjab
135,1934-1940,"ERSKINE, JOHN F.A., LORD","G.C.S.I., G.C.I.E.",Governor of Madras
136,1919-1929,"FERARD, JOHN E.",C.B.E.,"Secretary, Judicial and Public Department, India Office"
137,1869-1873,"FERGUSSON, Rt. Hon. SIR JAMES, Bt.","G.C.S.I., K.C.M.G., C.I.E.",Governor of South Australia
138,1873-1874,"FERGUSSON, Rt. Hon. SIR JAMES, Bt.","G.C.S.I., K.C.M.G., C.I.E.",Governor of New Zealand
139,1880-1885,"FERGUSSON, Rt. Hon. SIR JAMES, Bt.","G.C.S.I., K.C.M.G., C.I.E.",Governor of Bombay
140,1940-1947,"FIELD, ROBERT E.",,"Secretary, Services and General Department, India Office"
141,1892-1897,"FITZPATRICK, SIR DENNIS",K.C.S.I.,Lieutenant-Governor of the Punjab
142,1903-1908,FRASER. SIR A. H. LEITH,K.C.S.I.,Lieutenant-Governor of Bengal
143,1862-1867,"FRERE, SIR H. BARTLE E., Bt.","G.C.B., G.C.S.I.",Governor of Bombay
144,1877-1880,"FRERE, SIR H. BARTLE E., Bt.","G.C.B., G.C.S.I.",Governor of Cape Colony and High Commissioner for Southern Africa
145,1897-1903,"FRYER, SIR FREDERIC, W.R.",K.C.S.I.,Lieutenant-Governor of Burma
146,1905-1906,"FULLER, SIR J. BAMPFYLDE","K.C.S.I., C.I.E.",Lieutenant-Governor of East Bengal and Assam
147,1915-1920,"GAIT, SIR EDWARD A.","K.C.S.I., C.I.E.",Lieutenant-Governor of Bihar and Orissa
148,1941-1944,"GIBSON, JOHN P.",C.B.E.,"Head of Political Department (Internal), India Office"
149,1944-1946,"GIBSON, JOHN P.",C.B.E.,"Head of Political Department (British India), India Office"
150,19_-1952,"GIBSON, JOHN P.",C.B.E.,"Head of Southern Rhodesia and Communications Department, Commonwealth Relations Office"
151,1952-1954,"GIBSON, JOHN P.",C.B.E.,"Head of Communications Department, Commonwealth Relations Office"
152,1954-1956,"GIBSON, JOHN P.",C.B.E.,"Head of General Department, Commonwealth Relations Office"
153,1956-1959,"GIBSON, JOHN P.",C.B.E.,"Head of Migration and General Department, Commonwealth Relations Office"
154,1941-1946,"GLANCY, SIR BERTRAND J.","G.C.I.E., K.C.S.I.",Governor of the Punjab
155,1883-1909,"GODLEY, SIR J. ARTHUR",G.C.B.,Permanent Under-Secretary for India
156,1924-1929,"GOSCHEN, Rt. Hon. GEORGE J., 2nd VISCOUNT","G.C.S.I., G.C.I.E., C.B.E., V.D.",Governor of Madras
157,1933-1938,"GOWAN, SIR HYDE C.","K.C.S.I., C.I.E.",Governor of Central Provinces and Berar
158,1936-1941,"GRAHAM, SIR LANCELOT","K.C.S.I., K.C.I.E.",Governor of Sind
159,1859-1862,"GRANT, SIR JOHN PETER","G.C.M.G., K.C.B.",Lieutenant-Governor of Bengal
160,1866-1874,"GRANT, SIR JOHN PETER","G.C.M.G., K.C.B.",Governor of Jamaica
161,1881-1886,"GRANT DUFF, Rt. Hon. MONTSTUART E.",C.I.E.,Governor of Madras
162,1859-1862,"GRENFELL, HENRY R.",,Private Secretary to the Secretary of State for India
163,1867-1871,"GREY, SIR WILLIAM",K.C.S.I.,Lieutenant-Governor of Bengal
164,1932-1937,"GRIFFITH, Lieutenant-Colonel SIR RALPH E.H.","K.C.S.I., C.I.E.",Governor of North-West Frontier Province
165,1931-1946,"GRIST, FREDERIC E.",C.I.E.,"Joint Secretary, Financial Department, India Office"
166,1926-1930,"HAIG, SIR HARRY G.","K.C.S.I., C.I.E.","Secretary, Home Department, Government of India"
167,1934-1939,"HAIG, SIR HARRY G.","K.C.S.I., C.I.E.",Governor of United Provinces
168,1924-1928,"HAILEY, SIR W. MALCOLM","G.C.S.I., G.C.M.G., G.C.I.E.",Governor of the Punjab
169,1928-1934,"HAILEY, SIR W. MALCOLM","G.C.S.I., G.C.M.G., G.C.I.E.",Governor of the United Provinces
170,1911-1919,"HAINES, HERMANN A.",,"Secretary, Public Works Department, India Office"
171,1932-1936,"HALLETT, SIR MAURICE G.","G.C.I.E., K.C.S.I.","Secretary, Home Department, Government of India"
172,1937-1939,"HALLETT, SIR MAURICE G.","G.C.I.E., K.C.S.I.",Governor of Bihar
173,1939-1945,"HALLETT, SIR MAURICE G.","G.C.I.E., K.C.S.I.",Governor of United Provinces
174,1854-1859,"HALLIDAY, SIR FREDERICK J.",K.C.B.,Lieutenant-Governor of Bengal
175,1927-1939,"HAMMOND, SIR E. LAURIE L.","K.C.S.I., C.B.E.",Governor of Assam
176,1896-1898,"HARDINGE, Rt. Hon. CHARLES. 1st. LORD HARDINGE OF PENSHURST","K.G., G.C.B., G.C.S.I., G.C.M.G., G.C.I.E., G.C.V.O., I.S.O.","Secretary of Legation, Persia"
177,1898-1903,"HARDINGE, Rt. Hon. CHARLES. 1st. LORD HARDINGE OF PENSHURST","K.G., G.C.B., G.C.S.I., G.C.M.G., G.C.I.E., G.C.V.O., I.S.O.","Secretary of Embassy, Russia"
178,1903-1904,"HARDINGE, Rt. Hon. CHARLES. 1st. LORD HARDINGE OF PENSHURST","K.G., G.C.B., G.C.S.I., G.C.M.G., G.C.I.E., G.C.V.O., I.S.O.",Assistant Under-Secretary for Foreign Affairs
179,1904-1906,"HARDINGE, Rt. Hon. CHARLES. 1st. LORD HARDINGE OF PENSHURST","K.G., G.C.B., G.C.S.I., G.C.M.G., G.C.I.E., G.C.V.O., I.S.O.",Ambassador to Russia
180,1906-1910,"HARDINGE, Rt. Hon. CHARLES. 1st. LORD HARDINGE OF PENSHURST","K.G., G.C.B., G.C.S.I., G.C.M.G., G.C.I.E., G.C.V.O., I.S.O.",Permanent Under-Secretary for Foreign Affairs
181,1910-1916,"HARDINGE, Rt. Hon. CHARLES. 1st. LORD HARDINGE OF PENSHURST","K.G., G.C.B., G.C.S.I., G.C.M.G., G.C.I.E., G.C.V.O., I.S.O.",Viceroy of India
182,1916-1920,"HARDINGE, Rt. Hon. CHARLES. 1st. LORD HARDINGE OF PENSHURST","K.G., G.C.B., G.C.S.I., G.C.M.G., G.C.I.E., G.C.V.O., I.S.O.",Permanent Under-Secretary for for Foreign Affairs
183,1920-1922,"HARDINGE, Rt. Hon. CHARLES. 1st. LORD HARDINGE OF PENSHURST","K.G., G.C.B., G.C.S.I., G.C.M.G., G.C.I.E., G.C.V.O., I.S.O.",Ambassador to France
184,1906-1911,"HARE, SIR LANCELOT","K.C.S.I., C.I.E.",Lieutenant-Governor of East Bengal and Assam
185,1846-1854,"HARRIS, GEORGE, 3rd LORD",G.C.S.I.,Governor of Trinidad
186,1854-1858,"HARRIS, GEORGE, 3rd LORD",G.C.S.I.,Governor of Madras
187,1890-1895,"HARRIS, GEORGE R.C., 4th LORD","G.C.S.I., G.C.I.E.",Governor of Bombay
188,1946-1947,"HARRIS, SIR RONALD M.J.","K.C.V.O., C.B.",Private Secretary to the Secretary of State for India
189,1902-1903,"HASTINGS, FRANCIS T.C.",,Private Secretary to the Secretary of State for India
190,1881-1884,"HAVELOCK, SIR ARTHUR E.","G.C.S.I., G.C.M.G., G.C.I.E.",Governor of Sierra Leone
191,1885,"HAVELOCK, SIR ARTHUR E.","G.C.S.I., G.C.M.G., G.C.I.E.",Governor of Trinidad
192,1886-1889,"HAVELOCK, SIR ARTHUR E.","G.C.S.I., G.C.M.G., G.C.I.E.",Governor of Natal
193,1890-1895,"HAVELOCK, SIR ARTHUR E.","G.C.S.I., G.C.M.G., G.C.I.E.",Governor of Ceylon
194,1896-1900,"HAVELOCK, SIR ARTHUR E.","G.C.S.I., G.C.M.G., G.C.I.E.",Governor of Madras
195,1901-1904,"HAVELOCK, SIR ARTHUR E.","G.C.S.I., G.C.M.G., G.C.I.E.",Governor of Tasmania
196,1858-1867,"HAWKINS, JOHN A.F.",,"Secretary, Judicial Department, India Office"
197,1939-1943,"HERBERT, Lieutenant-Colonel SIR JOHN A.",G.C.I.E.,Governor of Bengal
198,1894-1902,"HEWETT, SIR JOHN P.","G.C.S.I., K.B.E., C.I.E.","Secretary, Home Department, Government of India"
199,1907-1912,"HEWETT, SIR JOHN P.","G.C.S.I., K.B.E., C.I.E.",Lieutenant-Governor of United Provinces
200,1903-1909,"HIRTZEL, SIR F. ARTHUR",G.C.B.,Private Secretary to the Secretary of State for India
201,1909-1917,"HIRTZEL, SIR F. ARTHUR",G.C.B.,"Secretary, Political and Secret Department, India Office"
202,1917-1921,"HIRTZEL, SIR F. ARTHUR",G.C.B.,Assistant Under-Secretary for India
203,1921-1924,"HIRTZEL, SIR F. ARTHUR",G.C.B.,Deputy Under-Secretary for India
204,1924-1930,"HIRTZEL, SIR F. ARTHUR",G.C.B.,Permanent Under-Secretary for India
205,1880-1882,"HOBART, SIR ROBERT H., Bt.","K.C.V.O., C.B.",Private Secretary to the Secretary of State for India
206,1872-1875,"HOBART, VERE H., LORD",,Governor of Madras
207,1901-1912,"HOLDERNESS, SIR THOMAS W., Bt.","G.C.B., K.C.S.I.","Secretary, Revenue and Statistics Department, India Office"
208,1912-1920,"HOLDERNESS, SIR THOMAS W., Bt.","G.C.B., K.C.S.I.",Permanent Under-Secretary for India
209,1940-1946,"HOPE, Hon. SIR ARTHUR O.J.","G.C.I.E., M.C.",Governor of Madras
210,1936-1941,"HUBBACK, SIR JOHN A.",K.C.S.I.,Governor of Orissa
211,1893-1898,"HUTCHINS, SIR PHILIP P.",K.C.S.I.,"Secretary, Judicial and Public Department, India Office"
212,1907-1908,"IBBETSON, SIR DENZIL C.J.",K.C.S.I.,Lieutenant-Governor of the Punjab
213,1927-1932,"INNES, SIR CHARLES A","K.C.S.I., C.I.E.",Governor of Burma
214,1926-1931,"IRWIN, Rt. Hon. EDWARD, 1st LORD","K.G., G.C.S.I., G.C.M.G., G.C.I.E., T.D.",Viceroy of India
215,1940-1946,"IRWIN, Rt. Hon. EDWARD, 1st LORD","K.G., G.C.S.I., G.C.M.G., G.C.I.E., T.D.",Ambassador to the U.S.A.
216,1927-1932,"JACKSON, Lieutenant-Colonel Rt. Hon. SIR F. STANLEY","G.C.S.I., G.C.I.E.",Governor of Bengal
217,1946-1947,"JENKINS, SIR EVAN M.","G.C.I.E., K.C.S.I.",Governor of the Punjab
218,1858-1874,"KAYE, SIR JOHN W.",K.C.S.I.,"Secretary, Political and Secret Department, India Office"
219,1932-1937,"KEANE, SIR MICHAEL","K.C.S.I., C.I.E.",Governor of Assam
220,1938-1948,"KEMP, SIR KENNETH M.",,"Legal Adviser, India Office"
221,1947-1948,"KEMP, SIR KENNETH M.",,"Legal Adviser, Colonial and Dominions Offices"
222,1922-1927,"KERR, SIR JOHN H.","K.C.S.I., K.C.I.E.",Governor of Assam
223,1915-1921,"KERSHAW, SIR LOUIS J.","K.C.S.I., C.I.E.","Secretary, Revenue and Statistics Department, India Office"
224,1921-1924,"KERSHAW, SIR LOUIS J.","K.C.S.I., C.I.E.","Secretary, Industries and Overseas Department, India Office"
225,1924-1933,"KERSHAW, SIR LOUIS J.","K.C.S.I., C.I.E.",Assistant Under-Secretary for India
226,1933-1934,"KERSHAW, SIR LOUIS J.","K.C.S.I., C.I.E.",Deputy Under-Secretary for India
227,1917-1919,"KISCH, SIR CECIL H.","K.C.I.E., C.B.",Private Secretary to the Secretary of State for India
228,1921-1933,"KISCH, SIR CECIL H.","K.C.I.E., C.B.","Joint Secretary, Financial Department, India Office"
229,1933-1943,"KISCH, SIR CECIL H.","K.C.I.E., C.B.",Assistant Under-Secretary for India
230,1943-1946,"KISCH, SIR CECIL H.","K.C.I.E., C.B.",Deputy Under-Secretary for India
231,1943,"LAITHWAITE, SIR J. GILBERT","G.C.M.G., K.C.B., K.C.I.E., C.S.I.",Assistant Under-Secretary for India
232,1945-1947,"LAITHWAITE, SIR J. GILBERT","G.C.M.G., K.C.B., K.C.I.E., C.S.I.",Deputy Under-Secretary for Burma
233,1947,"LAITHWAITE, SIR J. GILBERT","G.C.M.G., K.C.B., K.C.I.E., C.S.I.",Deputy Under-Secretary for India
234,1948-1949,"LAITHWAITE, SIR J. GILBERT","G.C.M.G., K.C.B., K.C.I.E., C.S.I.",Deputy Under-Secretary for Commonwealth Relations
235,1949-1951,"LAITHWAITE, SIR J. GILBERT","G.C.M.G., K.C.B., K.C.I.E., C.S.I.",Ambassador to Ireland
236,1951-1954,"LAITHWAITE, SIR J. GILBERT","G.C.M.G., K.C.B., K.C.I.E., C.S.I.",High Commissioner to Pakistan
237,1955-1959,"LAITHWAITE, SIR J. GILBERT","G.C.M.G., K.C.B., K.C.I.E., C.S.I.",Permanent Under-Secretary for Commonwealth Relations
238,1896-1901,"LAMINGTON, CHARLES W.A.N., 2nd LORD LAMINGTON","G.C.M.G., G.C.I.E.",Governor of Queensland
239,1903-1907,"LAMINGTON, CHARLES W.A.N., 2nd LORD LAMINGTON","G.C.M.G., G.C.I.E.",Governor of Bombay
240,1883-1888,"LANSDOWNE, Rt. Hon. HENRY C.K., 5th MARQUESS OF","K.G., G.C.S.I., G.C.M.G., G.C.I.E.",Governor-General of Canada
241,1888-1894,"LANSDOWNE, Rt. Hon. HENRY C.K., 5th MARQUESS OF","K.G., G.C.S.I., G.C.M.G., G.C.I.E.",Viceroy of India
242,1902-1907,"LA TOUCHE, SIR JAMES J. D.",K.C.S.I.,Lieutenant-Governor of United Provinces
243,1901-1902,"LAWLEY, Hon. SIR ARTHUR","G.C.S.I., G.C.I.E., K.C.M.G.",Governor of Western Australia
244,1906-1911,"LAWLEY, Hon. SIR ARTHUR","G.C.S.I., G.C.I.E., K.C.M.G.",Governor of Madras
245,1859,"LAWRENCE, Rt. Hon. SIR JOHN L.M., Bt.","G.C.B., G.C.S.I.",Lieutenant-Governor of the Punjab
246,1864-1869,"LAWRENCE, Rt. Hon. SIR JOHN L.M., Bt.","G.C.B., G.C.S.I.",Viceroy of India
247,1895-1902,"LEE-WARNER, SIR WILLIAM",G.C.S.I.,"Secretary, Political and Secret Department, India Office"
248,1941-1946,"LEWIS, SIR W. HAWTHORNE","K.C.S.I., K.C.I.E.",Governor of Orissa
249,1936-1943,"LINLITHGOW, Rt. Hon. VICTOR A.J., 2nd MARQUESS OF","K.G., K.T., G.C.S.I., G.C.I.E., O.B.E.",Viceroy of India
250,1918-1923,"LLOYD, Rt. Hon. SIR GEORGE A.","G.C.S.I., G.C.I.E., D.S.O.",Governor of Bombay
251,1909-1917,"LUCAS, FRANCIS H.","C.B., C.V.O.",Private Secretary to the Secretary of State for India
252,1917-1920,"LUCAS, FRANCIS H.","C.B., C.V.O.","Joint Secretary, Financial Department, India Office"
253,1937-1943,"LUMLEY, Rt. Hon. SIR L. ROGER","G.C.S.I., G.C.I.E., G.C.V.O., T.D.",Governor of Bombay
254,1882-1887,"LYALL, Rt. Hon. SIR ALFRED C.","G.C.I.E., K.C.B.",Lieutenant-Governor of North-Western Provinces
255,1890-1894,"LYALL, SIR CHARLES J.","K.C.S.I., C.I.E.","Secretary, Home Department, Government of India"
256,1898-1910,"LYALL, SIR CHARLES J.","K.C.S.I., C.I.E.","Secretary, Judicial and Public Department, India Office"
257,1887-1892,"LYALL, SIR JAMES B.","G.C.I.E., K.C.S.I.",Lieutenant-Governor of the Punjab
258,1863-1864,"LYTTON, Rt. Hon. EDWARD R.L., 1st EARL OF LYTTON","G.C.B., G.C.S.I., G.C.I.E.","Secretary of Legation, Denmark"
259,1864-1865,"LYTTON, Rt. Hon. EDWARD R.L., 1st EARL OF LYTTON","G.C.B., G.C.S.I., G.C.I.E.","Secretary of Legation, Greece"
260,1865-1868,"LYTTON, Rt. Hon. EDWARD R.L., 1st EARL OF LYTTON","G.C.B., G.C.S.I., G.C.I.E.","Secretary of Legation, Portugal"
261,1868,"LYTTON, Rt. Hon. EDWARD R.L., 1st EARL OF LYTTON","G.C.B., G.C.S.I., G.C.I.E.","Secretary of Legation, Spain"
262,1868-1872,"LYTTON, Rt. Hon. EDWARD R.L., 1st EARL OF LYTTON","G.C.B., G.C.S.I., G.C.I.E.","Secretary of Embassy, Austria/Austria-Hungary"
263,1872-1873,"LYTTON, Rt. Hon. EDWARD R.L., 1st EARL OF LYTTON","G.C.B., G.C.S.I., G.C.I.E.","Secretary of Embassy, France"
264,1873-1874,"LYTTON, Rt. Hon. EDWARD R.L., 1st EARL OF LYTTON","G.C.B., G.C.S.I., G.C.I.E.","Minister, France"
265,1874-1876,"LYTTON, Rt. Hon. EDWARD R.L., 1st EARL OF LYTTON","G.C.B., G.C.S.I., G.C.I.E.",Minister to Portugal
266,1876-1880,"LYTTON, Rt. Hon. EDWARD R.L., 1st EARL OF LYTTON","G.C.B., G.C.S.I., G.C.I.E.",Viceroy of India
267,1887-1891,"LYTTON, Rt. Hon. EDWARD R.L., 1st EARL OF LYTTON","G.C.B., G.C.S.I., G.C.I.E.",Ambassador to France
268,1922-1927,"LYTTON, Rt. Hon. VICTOR A.G.R., 2nd EARL OF","K.G., G.C.S.I., G.C.I.E.",Governor of Bengal
269,1895-1901,"MACDONNELL, Rt. Hon. SIR ANTONY P.","G.C.S.I., K.C.V.O.",Lieutenant-Governor of North-West Provinces and Oudh
270,1902-1908,"MACDONNELL, Rt. Hon. SIR ANTONY P.","G.C.S.I., K.C.V.O.",Under-Secretary for Ireland
271,1895-1898,"MACKENZIE, SIR ALEXANDER",K.C.S.I.,Lieutenant-Governor of Bengal
272,1919-1924,"MACLAGAN, SIR EDWARD D.","K.C.S.I., K.C.I.E.",Lieutenant-Governor/Governor of the Punjab
273,1879-1882,"MACPHERSON, SIR ARTHUR G.",K.C.I.E.,"Legal Adviser, India Office"
274,1882-1893,"MACPHERSON, SIR ARTHUR G.",K.C.I.E.,"Secretary, Judicial a Department, India Office"
275,1879-1882,"MACPHERSON, WILLIAM",,"Secretary, Judicial and Public Department, India Office"
276,1886-1892,"MAITLAND, WILLIAM J.",C.I.E.,Private Secretary to the Secretary of State for India
277,1874-1883,"MALLET, Rt. Hon. SIR LOUIS",C.B.,Permanent Under-Secretary for India
278,1920-1921,"MARRIS, SIR WILLIAM S.","K.C.S.I., K.C.I.E.",Governor of Assam
279,1922-1928,"MARRIS, SIR WILLIAM S.","K.C.S.I., K.C.I.E.",Governor of United Provinces
280,1869-1872,"MAYO, Rt. Hon. RICHARD, 6th EARL OF","K.P., G.C.S.I.",Viceroy of India
281,1865-1870,"McLEOD, SIR DONALD F.","K.C.S.I., C.B.",Lieutenant-Governor of Punjab
282,1858-1872,"MELVILL, JAMES C.",,Assistant Under-Secretary for India
283,1854-1859,"MERIVALE, HERMAN",C.B.,Permanent Under-Secretary for the Colonies
284,1859-1874,"MERIVALE, HERMAN",C.B.,Permanent Under-Secretary for India
285,1912-1917,"MESTON, SIR JAMES S.","K.C.S.I., V.D.",Lieutenant-Governor of United Provinces
286,1927-1931,"MONTEATH, SIR DAVID T.","K.C.B., K.C.S.I., K.C.M.G., C.V.O., O.B.E.",Private Secretary to the Secretary of State for India
287,1931-1934,"MONTEATH, SIR DAVID T.","K.C.B., K.C.S.I., K.C.M.G., C.V.O., O.B.E.","Joint Secretary, Financial Department, India Office"
288,1934-1937,"MONTEATH, SIR DAVID T.","K.C.B., K.C.S.I., K.C.M.G., C.V.O., O.B.E.","Joint Secretary, Military Department, India Office"
289,1937-1941,"MONTEATH, SIR DAVID T.","K.C.B., K.C.S.I., K.C.M.G., C.V.O., O.B.E.",Assistant Under-Secretary for Burma
290,1941-1947,"MONTEATH, SIR DAVID T.","K.C.B., K.C.S.I., K.C.M.G., C.V.O., O.B.E.",Permanent Under-Secretary for India and Burma
291,1947,"MONTEATH, SIR DAVID T.","K.C.B., K.C.S.I., K.C.M.G., C.V.O., O.B.E.",Permanent Under-Secretary for Burma
292,1898-1904,"MINTO, Rt. Hon. GILBERT J.E., 4th EARL OF","K.G., G.C.S.I., G.C.M.G., G.C.I.E.",Governor-General of Canada
293,1905-1910,"MINTO, Rt. Hon. GILBERT J.E., 4th EARL OF","K.G., G.C.S.I., G.C.M.G., G.C.I.E.",Viceroy of India
294,1857-1865,"MONTGOMERY, SIR ROBERT","G.C.S.I., K.C.B.",Lieutenant-Governor of Punjab
295,1947,"MOUNTBATTEN OF BURMA, Admiral of the Fleet Rt. Hon. LOUIS F.A.V.N., 1st EARL","K.G., G.C.B., O.M., G.C.S.I., G.C.I.E., G.C.V.O., D.S.O.",Viceroy of India
296,1947-1948,"MOUNTBATTEN OF BURMA, Admiral of the Fleet Rt. Hon. LOUIS F.A.V.N., 1st EARL","K.G., G.C.B., O.M., G.C.S.I., G.C.I.E., G.C.V.O., D.S.O.",Governor-General of India
297,1885-1886,"MOORE, ADOLPHUS W.",,Private Secretary to the Secretary of State for India
298,1927-1928,"MUDDIMAN, SIR ALEXANDER P.","K.C.S.I., C.I.E.",Governor of United Provinces
299,1946-1947,"MUDIE, SIR R. FRANCIS","K.C.S.I., K.C.I.E., O.B.E.",Governor of Sind
300,1868-1874,"MUIR, SIR WILLIAM",K.C.S.I.,Lieutenant-Governor of North-Western Provinces
301,1846-1852,"NAPIER, Rt. Hon. FRANCIS, 10th LORD NAPIER AND 1st LORD ETTRICK",K.T.,"Secretary of Legation, The Two Sicilies"
302,1852-1854,"NAPIER, Rt. Hon. FRANCIS, 10th LORD NAPIER AND 1st LORD ETTRICK",K.T.,"Secretary of Embassy, Russia"
303,1854-1857,"NAPIER, Rt. Hon. FRANCIS, 10th LORD NAPIER AND 1st LORD ETTRICK",K.T.,"Secretary of Embassy, Turkey"
304,1857-1858,"NAPIER, Rt. Hon. FRANCIS, 10th LORD NAPIER AND 1st LORD ETTRICK",K.T.,Minister to the U.S.A.
305,1858-1860,"NAPIER, Rt. Hon. FRANCIS, 10th LORD NAPIER AND 1st LORD ETTRICK",K.T.,Minister to the Netherlands
306,1860-1864,"NAPIER, Rt. Hon. FRANCIS, 10th LORD NAPIER AND 1st LORD ETTRICK",K.T.,Ambassador to Russia
307,1864-1866,"NAPIER, Rt. Hon. FRANCIS, 10th LORD NAPIER AND 1st LORD ETTRICK",K.T.,Ambassador to Prussia
308,1866-1872,"NAPIER, Rt. Hon. FRANCIS, 10th LORD NAPIER AND 1st LORD ETTRICK",K.T.,Governor of Madras
309,1897-1901,"NEEL, EDMUND",C.I.E.,"Secretary, Public Works Department, India Office"
310,1911,"NEWMARCH, FRANCIS W.",C.S.I.,"Secretary, Public Works Department, India Office"
311,1911-1918,"NEWMARCH, FRANCIS W.",C.S.I.,"Secretary, Financial Department, India Office"
312,1872-1876,"NORTHBROOK, Rt. Hon. THOMAS G., 1st EARL OF",G.C.S.I.,Viceroy of India
313,1900-1903,"NORTHCOTE, Rt. Hon. HENRY S., 1st LORD NORTHCOTE","G.C.M.G., G.C.I.E., C.B.",Governor of Bombay
314,1904-1908,"NORTHCOTE, Rt. Hon. HENRY S., 1st LORD NORTHCOTE","G.C.M.G., G.C.I.E., C.B.",Governor-General of Australia
315,1867-1868,"NORTHCOTE, WALTER S.",,Private Secretary to the Secretary of State for India
316,1946-1948,"NYE, Lieutenant-General SIR ARCHIBALD E.","G.C.S.I., G.C.I.E., K.C.B., K.B.E., M.C.",Governor of Madras
317,1948-1952,"NYE, Lieutenant-General SIR ARCHIBALD E.","G.C.S.I., G.C.I.E., K.C.B., K.B.E., M.C.",High Commissioner to India
318,1952-1956,"NYE, Lieutenant-General SIR ARCHIBALD E.","G.C.S.I., G.C.I.E., K.C.B., K.B.E., M.C.",High Commissioner to Canada
319,1913-1919,"Oâ€™DWYER, SIR MICHAEL F.","G.C.I.E., K.C.S.I.",Lieutenant-Governor of the Punjab
320,1930-1933,"PATRICK, SIR PAUL J.","K.C.I.E., C.S.I.","Acting Joint Secretary, Political Department, India Office"
321,1933-1941,"PATRICK, SIR PAUL J.","K.C.I.E., C.S.I.","Secretary, Political Department (Internal), India Office"
322,1941-1947,"PATRICK, SIR PAUL J.","K.C.I.E., C.S.I.",Assistant Under-Secretary for India
323,1947-1949,"PATRICK, SIR PAUL J.","K.C.I.E., C.S.I.",Assistant Under-Secretary for Commonwealth Relations
324,1933-1938,"PEARSON, SIR HERBERT G.",,"Legal Adviser, India Office"
325,1879-1888,"PEDDER, WILLIAM G.",,"Secretary, Revenue, Statistics and Commerce Department, India Office"
326,1930-1937,"PEEL, ROLAND T.","C.B.E., M.C.","Joint Secretary, Public and Judicial Department, India Office"
327,1937-1945,"PEEL, ROLAND T.","C.B.E., M.C.","Joint Secretary, Political and Secret Department (External), India Office"
328,1912-1919,"PENTLAND, Rt. Hon. JOHN, 1st LORD","G.C.S.I., G.C.I.E.",Governor of Madras
329,1882-1892,"PONTIFEX, SIR CHARLES",K.C.I.E.,"Legal Adviser, India Office"
330,1843-1844,"POTTINGER, Lieutenant-General Rt. Hon. SIR HENRY E., Bt.",G.C.B.,Governor of Hong Kong
331,1847,"POTTINGER, Lieutenant-General Rt. Hon. SIR HENRY E., Bt.",G.C.B.,Governor of Cape Colony
332,1848-1854,"POTTINGER, Lieutenant-General Rt. Hon. SIR HENRY E., Bt.",G.C.B.,Governor of Madras
333,185_-1871,"PRIDEAUX, FRANCIS W.",,"Secretary, Revenue Department, India Office"
334,1921-1926,"READING, Rt. Hon. RUFUS D., 1st MARQUESS OF","G.C.B., G.C.S.I., G.C.I.E., G.C.V.O.",Viceroy of India
335,1885-1890,"REAY, Rt. Hon. DONALD J., 11th LORD REAY","K.T., G.C.S.I., G.C.I.E.",Governor of Bombay
336,1937-1942,"REID, SIR ROBERT N.","K.C.S.I., K.C.I.E.",Governor of Assam
337,1880-1884,"RIPON, Rt. Hon. GEORGE F.S., 1st MARQUESS OF","K.G., G.C.S.I., C.I.E.",Viceroy of India
338,1902-1910,"RISELY, SIR HERBERT H.","K.C.I.E., C.S.I.","Secretary, Home Department, Government of India"
339,1910-1911,"RISELY, SIR HERBERT H.","K.C.I.E., C.S.I.","Secretary, Judicial And Public Department, India Office"
340,1895-1902,"RITCHIE, SIR RICHMOND T.W.",K.C.B.,Private Secretary to the Secretary of State for India
341,1902-1909,"RITCHIE, SIR RICHMOND T.W.",K.C.B.,"Secretary, Political and Secret Department, India Office"
342,1910-1912,"RITCHIE, SIR RICHMOND T.W.",K.C.B.,Permanent Under-Secretary for India
343,1902-1907,"RIVAZ, SIR CHARLES M.",K.C.S.I.,Lieutenant-Governor of the Punjab
344,1914-1931,"ROBINSON, SIR WILLIAM",C.B.E.,"Joint Secretary, Financial Department, India Office"
345,1917-1922,"RONALDSHAY, Rt. Hon. LAWRENCE J.L., EARL OF","G.C.S.I., G.C.I.E.",Governor of Bengal
346,1943-1947,"RUMBOLD, SIR H. ALGERNON F.","K.C.M.G., C.I.E.","Joint Secretary, Economic and Overseas Department, India Office"
347,1949-1953,"RUMBOLD, SIR H. ALGERNON F.","K.C.M.G., C.I.E.","Deputy High Commissioner, South Africa"
348,1954-1958,"RUMBOLD, SIR H. ALGERNON F.","K.C.M.G., C.I.E.",Assistant Under-Secretary for Commonwealth Relations (Economic Division)
349,1958-1966,"RUMBOLD, SIR H. ALGERNON F.","K.C.M.G., C.I.E.",Deputy Under-Secretary for Commonwealth Relations
350,1964-1966,"RUMBOLD, SIR H. ALGERNON F.","K.C.M.G., C.I.E.",(Economic and South Asia)
351,1943-1946,"RUTHERFORD, SIR THOMAS G.","K.C.S.I., C.I.E.",Governor of Bihar
352,1907-1917,"SALE, SIR STEPHEN G.",K.C.I.E.,"Legal Adviser, India Office"
353,1895-1900,"SANDHURST, Rt. Hon. WILLIAM, 2nd LORD","G.C.S.I., G.C.I.E., G.C.V.O.",Governor of Bombay
354,1915-1919,"SEABROOKE, SIR JAMES H.",K.C.I.E.,"Joint Secretary, Military Department, India Office"
355,1859-1879,"SECCOMBE, SIR THOMAS L.","G.C.I.E., K.C.S.I., C.B.","Secretary, Financial Department, India Office"
356,1872-1883,"SECCOMBE, SIR THOMAS L.","G.C.I.E., K.C.S.I., C.B.",Assistant Under-Secretary for India
357,1911-1919,"SETON, SIR MALCOLM C.C.",K.C.B.,"Secretary, Judicial and Public Department, India Office"
358,1919-1924,"SETON, SIR MALCOLM C.C.",K.C.B.,Assistant Under-Secretary for India
359,1924-1933,"SETON, SIR MALCOLM C.C.",K.C.B.,Deputy Under-Secretary for India
360,1902-1907,"SHEPHARD, SIR HORATIO HALE",,"Legal Adviser, India Office"
361,1917-1921,"SHUCKBURGH, SIR JOHN E.","K.C.M.G., C.B.","Secretary, Political and Secret Department, India Office"
362,1921-1931,"SHUCKBURGH, SIR JOHN E.","K.C.M.G., C.B.",Assistant Under-Secretary for the Colonies (Middle East)
363,1931-1942,"SHUCKBURGH, SIR JOHN E.","K.C.M.G., C.B.",Deputy Under-Secretary for the Colonies
364,1932-1936,"SIFTON, SIR JAMES D.","K.C.S.I., K.C.I.E.",Governor of Bihar and Orissa
365,1936-1937,"SIFTON, SIR JAMES D.","K.C.S.I., K.C.I.E.",Governor of Bihar
366,1934-1947,"SIMPSON, JOHN A.",C.I.E.,"Joint Secretary, Military Department, India Office"
367,1920-1921,"SINHA, Rt. Hon. SATYENDRA P., 1st LORD",K.C.S.I.,Governor of Bihar and Orissa
368,1920-1925,"SLY, SIR FRANK G.",K.C.S.I.,Governor of Central Provinces
369,1923-1928,"SMITH, FRANCIS W.H.",C.I.E.,"Joint Secretary, Military Department, India Office"
370,1928-1934,"SMITH, FRANCIS W.H.",C.I.E.,"Secretary, Services and General Department, India Office"
371,1940-1944,"SMITH, FRANCIS W.H.",C.I.E.,Assistant Under-Secretary for India
372,1944-1947,"SMITH, FRANCIS W.H.",C.I.E.,Assistant Under-Secretary for Burma
373,1929-1934,"STANLEY, Lieutenant-Colonel Rt. Hon. SIR GEORGE F.","G.C.S.I., G.C.I.E., C.M.G.",Governor of Madras
374,1919-1926,"STANTIALL, WILLIAM",C.I.E.,"Secretary, Public Works Department, India Office"
375,1927-1932,"STEPHENSON, SIR HUGH L.","G.C.I.E., K.C.S.I.",Governor of Bihar and Orissa
376,1932-1936,"STEPHENSON, SIR HUGH L.","G.C.I.E., K.C.S.I.",Governor of Burma
377,1920-1924,"STEWART, SIR S. FINDLATER","G.C.B., G.C.I.E., C.S.I.","Joint Secretary, Military Department, India Office"
378,1924-1930,"STEWART, SIR S. FINDLATER","G.C.B., G.C.I.E., C.S.I.",Assistant Under-Secretary for India
379,"1930-1941, 1937-1941","STEWART, SIR S. FINDLATER","G.C.B., G.C.I.E., C.S.I.",Permanent Under-Secretary for India
380,1939-1943,"STEWART, SIR THOMAS A.","K.C.S.I., K.C.I.E.",Governor of Bihar
381,1874-1876,"STRACHEY, SIR JOHN","G.C.S.I., C.I.E.",Lieutenant-Governor of North-Western Provinces
382,1928-1933,"SYKES, Major-General Rt. Hon. SIR FREDERICK H.","G.C.S.I., G.C.I.E., G.B.E., K.C.B., C.M.G.",Governor of Bombay
383,1946-1947,"SYMON, SIR ALEXANDER C.B.","K.C.M.G., K.C.V.O., O.B.E.","Head of Communications Department, India Office"
384,1946-1949,"SYMON, SIR ALEXANDER C.B.","K.C.M.G., K.C.V.O., O.B.E.","Deputy High Commissioner, India"
385,1949-1952,"SYMON, SIR ALEXANDER C.B.","K.C.M.G., K.C.V.O., O.B.E.",Assistant Under-Secretary for Commonwealth Relations (Economic Division)
386,1952-1954,"SYMON, SIR ALEXANDER C.B.","K.C.M.G., K.C.V.O., O.B.E.",Deputy Under-Secretary for Commonwealth Relations
387,1954-1961,"SYMON, SIR ALEXANDER C.B.","K.C.M.G., K.C.V.O., O.B.E.",High Commissioner to Pakistan
388,1874-1877,"TEMPLE, Rt. Hon. SIR RICHARD, Bt.","G.C.S.I., C.I.E.",Lieutenant-Governor of Bengal
389,1877-1880,"TEMPLE, Rt. Hon. SIR RICHARD, Bt.","G.C.S.I., C.I.E.",Governor of Bombay
390,1843-1853,"THOMASON, JAMES",,Lieutenant-Governor of North-Western Provinces
391,1882-1887,"THOMPSON, SIR A. RIVERS",K.C.S.I.,Lieutenant-Governor of Bengal
392,1901-1911,"THOMPSON, FREDERICK C.",,"Secretary, Public Works Department, India Office"
393,1858-1880,"THORNTON, WILLIAM T.",C.B.,"Secretary, Public Works Department, India Office"
394,1940-1946,"TOMKINS, WILLIAM D.","C.I.E., O.B.E.","Secretary, Economic and Overseas Department, India Office"
395,1858-1859,"TREVELYAN, SIR CHARLES E., Bt.",K.C.B.,Governor of Madras
396,1941-1946,"TURNBULL, SIR FRANCIS (FRANK) F.","K.B.E., C.B., C.I.E.",Private Secretary to the Secretary of State for India
397,1946-1947,"TURNBULL, SIR FRANCIS (FRANK) F.","K.B.E., C.B., C.I.E.","Secretary, Political Department (British India)"
398,1921-1937,"TURNER, ERNEST J.","C.B., C.B.E.","Secretary, Commerce and Revenue Department/Economic and Overseas Department, India Office"
399,1940-1946,"TWYNAM, SIR HARRY G.","K.C.S.I., C.I.E.",Governor of Central Provinces and Berar
400,1867-1872,"VESEY-FITZGERALD, Rt. Hon. SIR WILLIAM R.S.","G.C.S.I., G.C.I.E.",Governor of Bombay
401,1921-1930,"WAKELY, SIR LEONARD D.","K.C.I.E., C.B.","Secretary, Political and Secret Department, India Office"
402,1930-1934,"WAKELY, SIR LEONARD D.","K.C.I.E., C.B.",Assistant Under-Secretary for India
403,1934-1941,"WAKELY, SIR LEONARD D.","K.C.I.E., C.B.",Deputy Under-Secretary for India
404,1874-1880,"WALPOLE, SIR HORATIO G.",K.C.B.,Private Secretary to the Secretary of State for India
405,1883-1907,"WALPOLE, SIR HORATIO G.",K.C.B.,Assistant Under-Secretary for India
406,1930-1936,"WALTON, SIR JOHN C.","K.C.I.E., C.B.","Joint Secretary, Political Department, India Office"
407,1936-1942,"WALTON, SIR JOHN C.","K.C.I.E., C.B.",Assistant Under-Secretary for India
408,1942-1946,"WALTON, SIR JOHN C.","K.C.I.E., C.B.",Deputy Under-Secretary for Burma
409,1855-1860,"WARD, SIR HENRY G.",G.C.M.G.,Governor of Ceylon
410,1860,"WARD, SIR HENRY G.",G.C.M.G.,Governor of Madras
411,1874-1879,"WATERFIELD, SIR HENRY","G.C.I.E., K.C.S.I., C.B.","Secretary, Statistics and Commerce Department, India Office"
412,1879-1902,"WATERFIELD, SIR HENRY","G.C.I.E., K.C.S.I., C.B.","Secretary, Financial Department, India Office"
413,1943-1947,"WAVELL, Field-Marshal Rt. Hon. ARCHIBALD P., 1st EARL","G.C.B., G.C.S.I., G.C.I.E., C.M.G., M.C.",Viceroy of India
414,1891-1896,"WENLOCK, Rt. Hon. BEILBY, 3rd LORD WENLOCK","G.C.S.I., G.C.I.E., K.C.B., V.D.",Governor of Madras
415,1862-1866,"WEST, Rt. Hon. SIR ALGERNON E.",G.C.B.,Private Secretary to the Secretary of State for India
416,1912-1916,"WHEELER, SIR HENRY","K.C.S.I., K.C.I.E.","Secretary, Home Department, Government of India"
417,1922-1927,"WHEELER, SIR HENRY","K.C.S.I., K.C.I.E.",Governor of Bihar and Orissa
418,1905-1910,"WHITE, SIR HERBERT T.","K.C.I.E., C.S.I.",Lieutenant-Governor of Burma
419,1892,"WILLIAMS-WYNN, ARTHUR W.",,Private Secretary to the Secretary of State for India
420,1913-1918,"WILLINGDON, Rt. Hon. FREEMAN, 1st LORD WILLINGDON","G.C.S.I., G.C.M.G., G.C.I.E., G.B.E.",Governor of Bombay
421,1919-1924,"WILLINGDON, Rt. Hon. FREEMAN, 1st LORD WILLINGDON","G.C.S.I., G.C.M.G., G.C.I.E., G.B.E.",Governor of Madras
422,1926-1931,"WILLINGDON, Rt. Hon. FREEMAN, 1st LORD WILLINGDON","G.C.S.I., G.C.M.G., G.C.I.E., G.B.E.",Governor-General of Canada
423,1931-1936,"WILLINGDON, Rt. Hon. FREEMAN, 1st LORD WILLINGDON","G.C.S.I., G.C.M.G., G.C.I.E., G.B.E.",Viceroy of India
424,1892-1902,"WILSON, Rt. Hon. SIR ARTHUR",K.C.I.E.,"Legal Adviser, India Office"
425,1923-1926,"WILSON, Colonel the Rt. Hon. SIR LESLIE O.","G.C.M.G., G.C.S.I., G.C.I.E., D.S.O.",Governor of Bombay
426,1932-1946,"WILSON, Colonel the Rt. Hon. SIR LESLIE O.","G.C.M.G., G.C.S.I., G.C.I.E., D.S.O.",Governor of Queensland
427,"1886, 1892-1894","WODEHOUSE, Hon. Armine",C.B.,Private Secretary to the Secretary of State for India
428,1894-1895,"WODEHOUSE, Hon. Armine",C.B.,Private Secretary to the Foreign Secretary
429,1854-1862,"WODEHOUSE, SIR PHILIP E.","G.C.S.I., K.C.B.",Governor of British Guiana
430,1862-1870,"WODEHOUSE, SIR PHILIP E.","G.C.S.I., K.C.B.",Governor of Cape Colony and High Commissioner to Southern Africa
431,1872-1877,"WODEHOUSE, SIR PHILIP E.","G.C.S.I., K.C.B.",Governor of Bombay
432,1898-1902,"WOODBURN, SIR JOHN",K.C.S.I.,Lieutenant-Governor of Bengal
433,1938-1940,"WYLIE, SIR FRANCIS V.","G.C.I.E., K.C.S.I.",Governor of Central Provinces and Berar
434,1941-1943,"WYLIE, SIR FRANCIS V.","G.C.I.E., K.C.S.I.",Minister to Afghanistan
435,1945-1947,"WYLIE, SIR FRANCIS V.","G.C.I.E., K.C.S.I.",Governor of United Provinces
436,1897-1902,"YOUNG, SIR WILLIAM MACKWORTH",K.C.S.I.,Lieutenant-Governor of Punjab
