ABBOTT, ANTHONY J.	Q56794768
ABBOTT, ARTHUR	
ABBOTT, PETER	
ABBOTT, WILLIAM G.	
ABBOTT-WATT, THORHILDA (THORDA) M.V.	Q27899329
ABERCROMBY, Hon. SIR RALPH	
ABERDEEN, Rt. Hon. GEORGE, 4th EARL OF	Q24631
ACLAND, SIR ANTONY A.	Q4059659
A’COURT, Rt. Hon. Sir WILLIAM, Bt.	
ACTON, RICHARD, 2nd LORD	Q336154
ADAIR, ARTHUR R.	
ADAIR, Rt. Hon. SIR ROBERT	
ADAM, C.F. FREDERICK	
ADAM, FREDERICK E.F.	
ADAMS, ALEC C.S.	
ADAMS, ALEXANDER A.	
ADAMS, C. CHRISTIAN W.	
ADAMS, SIR FRANCIS O.	
ADAMS, SIR GEOFFREY D.	Q1502925
ADAMS, SIR PHILIP G.D.	Q4057354
ADAMS, SIR W. JAMES	
ADAMS, WILLIAM P.	
ADAMSON, JOANNE	Q56794746
ADDINGTON, Rt. Hon. HENRY U.	
ADDIS, SIR JOHN M.	Q1700961
ADDISON, SIR JOSEPH	
ADDISON, Brigadier LEONARD J.L.	
AGAR ELLIS, Hon. GEORGE A.W.	
AGAR-ROBARTES, Hon. FRANCIS G.	
AHMAD, ASIF A.	Q4806893
AIERS, DAVID P.	Q19757777
AINSLIE, SIR ROBERT, BT.	Q9311079
AIREY, KATE	Q56794674
ALBAN, ARTHUR D.	
ALBAN, Major REGINALD G.E.W.	
ALCOCK, SIR RUTHERFORD	Q939063
ALDERTON, CLIVE	
ALDINGTON, SIR GEOFFREY W.	Q56794695
ALESSANDRI, MADELEINE K.	
ALEXANDER, SIR MICHAEL O’D. B.	
ALEXANDER, NICHOLAS	
ALEXANDER, THOMAS J.	
ALISON, CHARLES	
ALLAN, Hon. SIR ALEXANDER C.S.	Q56808160
ALLAN, CHRISTOPHER	Q56808159
ALLAN, JAMES N.	
ALLAN, KEITH R.	
ALLCHIN, SIR GEOFFREY C.	Q56808904
ALLEN, DONALD G.	
ALLEN, JONATHAN G.	
ALLEN, MARK E.	
ALLEN, SIR RICHARD H.S.	Q56808163
ALLEN, SIR ROGER	
ALLEN, SIR W. DENIS	
ALLINSON, SIR W. LEONARD	Q6525066
ALMOND, T. CLIVE	Q56808165
ALSTON, SIR FRANCIS B.	
ALSTON, Rt. Hon. SIR BEILBY F.	Q15971049
ALSTON, ROBERT J.	Q7341475
AMHERST, Rt. Hon. WILLIAM P., 1st LORD	Q142609
AMORY, Rt. Hon. DERICK, 1st VISCOUNT	Q334287
AMOS, Rt. Hon. BARONESS	
AMY, DENNIS O.	
ANDERSON, DAVID H.	
ANDERSON, GEORGE D.	
ANDERSON, SIR H. PERCY	
ANDERSON, JENNIFER E.	Q19870683
ANDREWS, CYRIL F.W.	
ANGLIN, ERIC J.	
ANGST, SIR HENRY	
ANNELLS, VICTOR	
ANNESLEY, GEORGE R.L.	
ANSTEY, SIDNEY H.	
ANTROBUS, GIBBS C.	Q17180507
ANTROBUS, MAURICE E.	
APPLEYARD, SIR LEONARD V.	
ARBUTHNOT, Rt. Hon. CHARLES	
ARBUTHNOTT, HUGH J.	
ARCHER, GRAHAM R.	
ARCHER, NICHOLAS S.	
ARCHER, NORMAN E.	
ARCHIBALD, SIR EDWARD M.	
ARCULUS, SIR RONALD	Q25341909
ARKWRIGHT, PAUL T.	Q15989806
ARMITAGE, HENRY ST.J. B.	
ARMOUR, NICHOLAS H.S.	
ARMSTRONG, SIR HARRY GLOSTER-	
ARNOLD, CATHERINE E.J.	Q42907852
ARON, MICHAEL D.	Q16929538
ARON, RACHEL A.G.	
ARTHINGTON-DAVY, HUMPHREY A.	
ARTHUR, SIR GEOFFREY G.	Q19873491
ARTHUR, JAMES S.	
ARTHUR, SIR MICHAEL A.	
ASHBURNHAM, Hon. CHARLES	
ASHCROFT, ANDREW R.	
ASHE, SIR DERICK R.	Q5262568
ASHFORD, WILLIAM S.	
ASHTON, JOHN	
ASHTON-GWATKIN, FRANK T.A.	Q5560991
ASHWORTH, PATRICK	
ASPIN, NORMAN	Q16933894
ASQUITH, Hon. SIR DOMINIC A.G.	Q1221764
ASTBURY, NICHOLAS P.	
ASTLEY, PHILIP S.	
ASTON, SIR ARTHUR	
ASTON, THOMAS W.	
ATKINSON, GILLIAN	
ATKINSON, JAMES O.	
ATKINSON, MICHAEL W.	
ATTEWELL, BRIAN	
ATTWOOD, STEWART G.	
AUCKLAND, Rt. Hon. WILLIAM, 1st LORD	
AUDLAND, SIR CHRISTOPHER J.	Q24574309
AUST, ANTHONY L	
AUSTEN, RICHARD J.	
AUSTIN, BRIAN P.	
AVELING, ARTHUR F.	
AVERY, DAVID R.	
AVES, JONATHAN J.	
AXWORTHY, SALLY	
AYRE, ANDREW	
BACHE, ANDREW P.F.	Q24576735
BACKHOUSE, JOHN	
BACON, PETER J.	
BAGGALLAY, H. LACY	
BAGGE, SIR J. PICTON, Bt.	
BAGOT, Rt. Hon. Sir CHARLES	
BAILES, ALYSON J.K.	Q450357
BAILEY, Lieutenant-Colonel FREDERICK M.	
BAILEY, RONALD W.	
BAILLIE, ALASTAIR T.	
BAILLIE, EVAN P. M.	Q5852596
BAILLIE, JOHN G.	
BAILLIE HAMILTON, SIR GEORGE	
BAIRD, NICHOLAS G.F.	
BAKER. ANTHONY C.	
BAKER, ANTHONY St.J.	
BAKER, FRANCIS R.	
BAKER, GEOFFREY H.	
BAKER, GEORGE W	
BAKER, GORDON M.	Q56795610
BAKER, NIGEL M.	Q7032223
BAKER, PIERS H.B.	
BAKER, RICHARD H.	
BAKER-BATES, MERRICK S.	
BALDWIN, BRIAN P.	
BALDWIN, Colonel SIR JOHN G.	
BALFOUR, DAVID	
BALFOUR, SIR JOHN	Q6220448
BALFOUR, RAYMOND L.	
BALFOUR-PAUL, H. GLENCAIRN	Q5568226
BALL, ARTHUR B.	
BALL, FRANCIS L.	
BALLANTYNE, ALEXANDER H.	
BALLENTYNE, DONALD F.	
BAMFORD, ALEXANDER	
BANDINEL, JAMES	
BANKHEAD, CHARLES	
BANKS, ALAN G.	
BANKS, SIMON J.	
BARBER, LESLIE C.S.	
BARCLAY, CHRISTOPHER F.R.	
BARCLAY, Rt. Hon. SIR COLVILLE A. de R.	
BARCLAY, SIR GEORGE H.	
BARCLAY, SIR RODERICK E.	Q7356589
BARDER, SIR BRIAN L.	Q4963046
BARFF, STAFFORD E.D.	
BARING, Hon. SIR EVELYN	
BARING, WALTER	Q29982447
BARKER, THOMAS C.	
BARKER, SIR WILLIAM	
BARKLAMB, PETER R.	
BARLTROP, ROGER A.R.	
BARNARD, CHARLES TOWNSHEND	
BARNES, SIR E. JOHN W.	
BARNES, RICHARD C.	
BARNES JONES, DEBORAH E.V.	
BARNETT, ROBERT W.	
BARNETT, ROBIN A.	Q15090723
BARRASS, GORDON S.	
BARRETT, EDMOND F.	
BARRETT, SIR STEPHEN J.	
BARRINGTON, Hon. SIR B., ERIC E.	Q15637768
BARRINGTON, SIR NICOLAS J.	
BARRINGTON, Hon. SIR WILLIAM A.C.	Q8005121
BARRON, SIR HENRY P.T., Bt.	
BARROW, SIR TIMOTHY E.	
BARRY, THOMAS J.	
BARSON, JACQUELINE A.	
BARTLETT, HENRY F.	
BARTON, PHILIP R.	Q16897829
BARTON, SIR SIDNEY	Q11059251
BASS, HARRY G.M.	
BATEMAN, SIR CHARLES H.	
BATEMAN, PETER	Q56808623
BATES, MICHAEL C.	
BATES, RONALD H.T.	
BATES, WILLIAM S.	
BATHURST, BENJAMIN	
BATSON, PHILIP D.	
BATTERBEE, SIR HARRY F.	Q5667190
BATTISCOMBE, CHRISTOPHER C.R.	
BATTLE, ALFRED G.	
BAUGH, J.W. MATTHEW	
BAX-IRON SIDE, SIR HENRY G.O.	
BAXTER, CHARLES W.	
BAXTER, GEORGE H.	
BAYLEY, CHARLES C.	
BAYLEY, GARETH	
BAYNE, SIR NICHOLAS P.	
BEAK, GEORGE B.	
BEALE, SIR LOUIS B.G.S.	
BEAMISH, SIR ADRIAN J.	
BEATTIE, DAVID	
BEAUCLERK, WILLIAM N.	
BEAUMONT, DAVID C.B.	
BEAUMONT, SIR HENRY H.D.	
BEAUMONT, SIR RICHARD A.	
BEAVEN, JOHN L.	
BECKETT, NOEL G.S.	
BECKETT, SIR W. ERIC	
BECKINGHAM, PETER	Q1581292
BEDFORD, RODNEY	
BEELEY, SIR HAROLD	Q5660081
BEETHAM, ROGER C.	
BEITH, SIR JOHN G.S.	Q6221380
BELCHER, RONALD H.	
BELGROVE, DAVID	
BELL, DAVID M.	
BELL, SIR GAWAIN W.	Q5528419
BELL, IAN W.	
BELL, JOHN	
BELL, JOHN E.	
BELL, KAREN	
BENDALL, DAVID V.	
BENJAMIN, JON	Q6270377
BENNETT, ANDREW P.	
BENNETT, BRIAN M.	
BENNETT, SIR COURTENAY W.	
BENNETT, JOHN S.	
BENNETT, JOHN S.	
BENSBERG, MARK	
BENTINCK, SIR CHARLES H.	
BENTINCK, LORD W. GEORGE F. CAVENDISH	Q332933
BENTLEY, SIR WILLIAM	
BERG, GEOFFREY	
BERGNE, A. PAUL A’C.	
BERGNE, JOHN B.	Q6223310
BERGNE, SIR J. HENRY G.	
BERKELEY, SIR ERNEST J.L.	
BERMAN, SIR FRANKLIN, (FRANK) D.	
BERNAL, FREDERIC	
BERNAYS, LEWIS E.	
BERTHOUD, SIR ERIC A.	
BERTHOUD, SIR MARTIN S.	
BERTIE, Rt. Hon. SIR FRANCIS L.	Q5480230
BERTRAM, MARK H.R.	
BEST, SIR RICHARD R.	
BETHAM, Lieutenant-Colonel SIR GEOFFREY L.	
BETHLEHEM, SIR DANIEL	Q1160085
BETTS, KAREN E.	Q56808498
BEVAN, SIR JAMES D.	
BEVAN, LEONARD	
BEVERIDGE, ROYSTON J.	
BEYER, JOHN C.	Q47454515
BIDWELL, JOHN, Snr.	
BIDWELL, JOHN, Jnr.	
BIDWELL, THOMAS	
BILIOTTI, SIR ALFRED	Q1238385
BINGHAM, Hon. RICHARD C.	
BIRCH, ALEXANDER H.	
BIRCH, SIR JOHN A.	
BIRCH, JOHN H.S.	
BIRD, CHARLES P.G.	
BISHOP, SUSAN	
BISHOP, Major-General SIR WILLIAM H.A.	
BLACK, STANLEY M.	
BLACKBURNE, ALISON	Q56808503
BLACKLEY, IAN L.	
BLACKWELL, JOHN K.	Q56808506
BLAIKLEY, ROBERT M.	
BLAIR, OLIVER R.	
BLAKE, ALISON	Q56808509
BLAKE-PAULEY, ANTHONY F.	
BLAKEMAN, NEIL	
BLAKEWAY, JOHN D.	
BLAND, SIR G. NEVILE M.	Q15457043
BLAND, GODFREY D.	
BLATHERWICK, SIR DAVID E.S.	
BLECH (BLECK), EDWARD C.	
BLIGH, Hon. SIR JOHN D.	
BLOOMFIELD, Lieutenant-General the Rt. Hon. BENJAMIN, 1st LORD	Q4888299
BLOOMFIELD, Rt. Hon. JOHN, 2nd LORD	Q6222243
BLOOMFIELD, KEITH G.	
BLUETT, HERBERT A.N.	
BLUNT, DAVID G.	Q56795697
BLUNT, SIR JOHN E.	
BLYTHE, ESTHER	
BOAS, J. LESLIE	Q56808531
BOATENG, Rt. Hon. PAUL Y.	Q332667
BOGGIS, EMMA	
BOLLAND, SIR EDWIN	
BONAR, ALFRED G.G.	Q56808533
BONAR, HENRY A.C.	
BOND, IAN A.M.	
BOND, SIMON	
BOND, WILLIAM L.	
BONE, RICHARD M.	
BONE, SIR ROGER B.	
BONHAM, SIR GEORGE F., Bt.	
BOOKER, SIR WILLIAM L.	
BOON, G. PETER R.	
BOOTH, CHARLES L.	Q19871353
BOOTH, SIR GORDON	
BOOTHBY, SIR BROOKE Bt.	Q7526146
BOOTHBY, E. BASIL	Q15070107
BORDER, HUGH W.	
BOSANQUET, GEORGE	
BOSANQUET, VIVIAN H.C.	
BOTTOMLEY, SIR JAMES R.A.	
BOURDILLON, SIR BERNARD H.	
BOURKE, MARTIN	Q6775035
BOURN, JAMES	Q56795942
BOWDEN, JAMES (JAMIE) N.G.	
BOWERING, JOHN	
BOWIE, NIGEL J.G.	
BOWKER, SIR R. JAMES	Q20736428
BOWLE, HORACE E.	
BOWMAN, VICTORIA (VICKY) J.	
BOXER, PETER J.	
BOYCE, SIR GRAHAM H.	
BOYD, SIR JOHN D.I.	
BOYES, LEONARD W.	
BOYLE, PHILIP D.	Q56795963
BOYLE, RANALD H.M.	
BOYLES, ELIZABETH	
BRADLEY, STEPHEN E.	
BRAHAM, HAROLD	
BRAIN, SIR H. NORMAN	
BRAITHWAITE, JULIAN N.	
BRAITHWAITE, SIR RODERIC Q.	
BRANDT, PAUL F.	
BRANT, COLIN T	
BRANT, RICHARD W.	
BRASH, ROBERT	
BRASNETT, JOHN	
BREEZE, SUSAN J.	
BRENAN, BYRON	
BRENAN, SIR JOHN F.	
BRENAN, TERENCE V.	
BRENCHLEY, T. FRANK	Q5485460
BRENNAN, ANTHONY B.	
BRENTON, SIR ANTHONY R.	
BRENTON, JONATHAN A.	
BRETT, DAVID L.	
BRETT, HENRY J.	
BRETT ROOKS, BEDELIA (BIDDY)	
BREWER, DAME NICOLA M.	
BREWIS, JOHN F.	
BRICKELL, DANIEL F.H.	
BRIDGE, NICHOLAS M.	
BRIDGEMAN, REGINALD F. ORLANDO	
BRIDGES, STEPHEN J.	Q16193491
BRIDGES, THOMAS, 2nd LORD	
BRIGHT, COLIN C.	
BRIGHTY, A. DAVID	Q573069
BRIMELOW, SIR THOMAS	Q7787898
BRIND, A. HENRY	
BRINKLEY, ROBERT E.	
BRINSON, DEREK N.	
BRISTOW, LAURENCE S.C.	
BRISTOW-SMITH, LAURENCE	
BRITTEN, Brigadier GEORGE V.	
BRITTEN RAE G.	
BROAD, DAVID	
BROAD, PHILIP	
BROADLEY, JOHN K.E.	
BROADMEAD, SIR PHILIP M.	
BRODERICK, SIR JOHN J.	Q56808468
BROMLEY, PETER R.O.	
BROMLEY, SIR THOMAS E.	
BRONNERT, DEBORAH J.	
BROOK, JOHN E.	
BROOKE TURNER, ALAN	
BROOKS, AMANDA	
BROOKS, ERIC A.S.	
BROOM, PETER D.	
BROOMFIELD, SIR NIGEL H.R.A.	Q7032272
BROUCHER, DAVID S.	Q1176766
BROUGHTON, CHARLES R.	
BROWN, ALAN J.	
BROWN, CHRISTOPHER	
BROWN, DAVID C.	
BROWN, DENYS D.	
BROWN, DOUGLAS J.	
BROWN, DONALD L.	
BROWN, FRANCIS D.W.	
BROWN, FRANK H.	
BROWN, DAME GILLIAN G.	
BROWN, HAROLD A.N.	
BROWN, HERBERT G.	
BROWN, JOHN	
BROWN, J. MICHAEL	
BROWN, SIR MERVYN	Q21936851
BROWN, ROGER H.	
BROWN, SIR STEPHEN D.R.	
BROWNBILL, TIMOTHY P.	
BROWNE, CAROLYN	
BROWNE, MERVYN E.	
BROWNE, SIR NICHOLAS W.	Q1613742
BROWNE, Hon. PETER	
BROWNRIDGE, VALERIE	
BRUMMELL, PAUL	Q7149558
BRYAN, MARGARET	Q56796014
BRYANT, PETER G.F.	
BRYANT, THOMAS	
BRYCE, Rt. Hon. SIR JAMES	Q336497
BRYSON-RICHARDSON, MARK E.	
BUBBEAR, THERESA B.	Q36218128
BUCHAN, ROBERT M.C.	
BUCHANAN, Rt. Hon. SIR ANDREW, Bt.	Q7525998
BUCHANAN, Rt. Hon. SIR GEORGE W.	
BUCK, JOHN S.	
BUCKLE, SIMON J.	
BUCKNELL, BRUCE J.	
BUDD, SIR COLIN R.	Q2144548
BUDDEN, ALEXANDER J.	
BUDDEN, PHILIP M.	
BULLARD, SIR GILES L.	Q5561617
BULLARD, SIR JULIAN L.	Q6307013
BULLARD, SIR READER W.	Q2134553
BULLOCH, ROBERT	
BULLOCK, EDWARD A.W.	
BULLOCK, GUY H.	Q17308847
BULWER, Rt. Hon. SIR W. HENRY L.E.	
BULWER-LYTTON, Rt. Hon. SIR EDWARD R.L.	Q335493
BUMSTEAD, KENNETH	
BUNCH, ROBERT	Q2156638
BURDEN, DERRICK F.	
BURDESS, CHRISTOPHER P.	
BURDETT, SCOTT L.	
BURGES WATSON, RICHARD E.G.	
BURGESS, ANTHONY R.F.	
BURNER, EDWARD A.	
BURNETT, ROBERT R.	
BURNLEY, JOSEPH H.	
BURNS, DAVID A.	
BURNS, KEVIN F.X.	
BURNS, SIR R. ANDREW	
BURROUGHS, RONALD A.	
BURROWS, SIR BERNARD A.B.	Q4892962
BURROWS, REGINALD A.	
BURT-ANDREWS, STANLEY G.	
BURTON, SIR GRAHAM S.	
BURTON, SIR MICHAEL ST.E.	
BUSHE, SIR H. GRATTAN	
BUSHELL, JOHN C.W.	
BUSK, SIR DOUGLAS L.	
BUTCHER, PETER R.	
BUTE, Rt. Hon. JOHN, 1st MARQUESS OF	Q275336
BUTE, PAUL K.	
BUTLER, ALLAN G.R.	
BUTLER, CREON A.J.C.	
BUTLER, FRANK C.	
BUTLER, SIR FREDERICK G.A.	
BUTLER, GEORGINA S.	
BUTLER, KEITH S.	
BUTLER, SIR MICHAEL D.	
BUTLER, SIR NEVILE M.	Q18753666
BUTLER, SIR PAUL D.	
BUTT, SIMON J.	
BUXTON, ADRIAN C.	
BUXTON, ERIC C.	
BUXTON, PAUL W.J.	
BYATT, SIR HUGH C.	
BYATT, RONALD A.C. (ROBIN)	
BYNG, Hon. FREDERICK G.	
BYRNE, TERENCE N.	
CABLE, ERIC G.	
CABLE, SIR JAMES E.	Q1680116
CACCIA, SIR HAROLD A.	Q3523902
CADOGAN, Rt. Hon. Sir ALEXANDER G.M.	Q711029
CAFFERTY, MICHAEL A.	
CAHILL, SIR J. ROBERT	
CAIE, ANDREW J.F.	
CAIRNS, DAVID S.	
CAIRNS, DONALD H.	
CALLAGHAN, FRANCIS	
CALLAN, SIR IVAN	
CALLENDER, REGINALD T.	
CALLWEY, ERIC W.	
CALVERT, ALBERT S.	
CAMBRIDGE, ALAN J.	
CAMBRIDGE, ROGER A.	
CAMBRIDGE, S. JOHN.G.	
CAMERON, DONAL	
CAMERON, DONALD A.	
CAMPBELL, SIR ALAN H.	
CAMPBELL, CHRISTOPHER J.	
CAMPBELL, DAVID I.	
CAMPBELL, SIR FRANCIS A.	
CAMPBELL, FRANCIS M.X.	
CAMPBELL, SIR GERALD	
CAMPBELL, JOHN D.	
CAMPBELL, JULIET J. d’A.	Q56808630
CAMPBELL, ROBERT P.	
CAMPBELL, Rt. Hon. SIR RONALD H.	Q4251101
CAMPBELL, Rt. Hon. SIR RONALD I.	
CAMPBELL, SHARON I.	Q56808537
CAMPBELL, STAFFORD F.	
CANE, SIR CYRIL H.	
CANNING, Rt. Hon. GEORGE	Q219731
CANNING, MARK	Q6766985
CANNON, NICHOLAS	
CANTOR, ANTHONY J.J.	Q4772213
CAPE, DONALD P.M.S.	
CAPEL CURE, SIR EDWARD H.	
CAPELING, JULIET MARIC	
CAPIE, RONALD R.	
CAPPER, Major CHARLES F.	
CARADON, Rt. Hon. HUGH, LORD	Q1634339
CARDEN, DERRICK C. (BILL)	
CARDEN, SIR LIONEL E.G.	Q16058991
CAREW-HUNT, HENRY T.	Q16557083
CAREY-FOSTER, GEORGE A.	
CARLESS, HUGH M.	Q5930263
CARLISLE, TOM F.	
CARNEGIE, Rt. Hon. SIR LANCELOT D.	Q6483607
CARRICK, SIR ROGER J.	Q15429008
CARRINGTON, Rt. Hon. PETER, 6th LORD	Q335038
CARRUTHERS, COLIN M.	
CARSE, WILLIAM M.	
CARTER, ANDREW	
CARTER, DAVID	Q5232207
CARTER, PEERS L.	Q7160459
CARTER, PETER A.	
CARTER, PETER L.	Q7173198
CARTER, SIR R.H. ARCHIBALD	Q24060501
CARTER, R.W. BERNARD	
CARTER, ROLAND	
CARTER, THOMAS H.	
CARTER, WILLIAM S.	
CARTLEDGE, SIR BRYAN G.	Q4216219
CARTWRIGHT, Rt. Hon. SIR FAIRFAX L.	Q1393205
CARTWRIGHT, SIR THOMAS	Q5604209
CARTWRIGHT, SIR W. CHAUNCY	
CARVELL, JOHN E.M.	Q23710230
CARY, ANTHONY J.	
CARYSFORT, Rt. Hon. JOHN, 1st EARL OF, K.P.	Q6253475
CASAMAJOR, JUSTINIAN	Q56753998
CASAMAJOR, LEWIS D.	
CASEMENT, SIR ROGER D.	Q311966
CASEY, NIGEL P.	
CASSON, JOHN D.	
CATHCART, General Rt. Hon. WILLIAM S., 1st EARL, K.T.	Q335766
CATHCART, Colonel the Hon. FREDERICK	
CATON, VALERIE	Q7911252
CAVE, SIR BASIL S.	Q4867133
CAVENDISH-BENTINCK, VICTOR F.W.	Q3557217
CAVENDISH-BENTINCK, Lieutenant-General Rt. Hon. LORD WILLIAM H.	Q138559
CECIL, ROBERT	
CEURVORST, ANTONY P.	
CHAD, GEORGE W.	Q5546308
CHADWICK, G.W. ST. JOHN	
CHADWICK, SIR JOHN E.	
CHALKLEY, SIR H. OWEN	
CHALMERS, GEORGE B.	
CHAMBERLAIN, KEVIN J.	
CHAMPION, JOHN S.	
CHANDLEY, PETER W.	
CHAPLIN, EDWARD G.M.	Q5342255
CHAPMAN, SIR ARTHUR	
CHAPMAN, J.K. (BEN)	
CHAPMAN, MARK F.	
CHAPMAN-ANDREWS, SIR EDWIN A.	
CHAPPELL, JULIE L.J.	
CHARLES, SIR NOEL H.H., Bt.	
CHARLTON, ALAN	
CHARLTON, ARCHIBALD C.	
CHARKTON, MICHAEL	
CHASE, ROBERT J.	
CHATTERTON DICKSON, ROBERT M.F.	
CHEESEMAN, BERNARD	
CHEETHAM, SIR J. MILNE C.	Q4516659
CHEETHAM, SIR NICOLAS J.A.	Q15619231
CHEKE, DUDLEY J.	
CHEKE, SIR MARCUS J.	
CHELSEA, HENRY, VISCOUNT	
CHERRETT, MICHAEL	
CHICK, HERBERT G.	
CHICK, JOHN S.	
CHILCOTT, SIR DOMINICK J.	Q1237678
CHILD, CLIFTON J.	
CHILSTON, Rt. Hon. ARETAS, 2nd VISCOUNT	Q4530170
CHILTON, SIR HENRY G.	Q1606777
CHISHOLM, RONALD G.	
CHITTY, M. BERYL	
CHOUDHURY, ANWAR B.	Q4778017
CHRIMES, NEIL R.	
CHRISTIE, WILLIAM D.	Q8007920
CHRISTOFAS, SIR KENNETH C.	Q18528332
CHRISTOPHER, SIR D. ROBIN C.	Q7352321
CHUGG, DANIEL P.	
CHURCH, JOHN C	
CHURCHILL, GEORGE P.	
CHURCHILL, HARRY L.	Q5670652
CHURCHILL, HENRY A.	
CHURCHILL, SIDNEY J.A.	
CHURCHILL, WILLIAM A.	
CLANCARTY, Rt. Hon. RICHARD, 2nd EARL OF	Q736545
CLANRICARDE, Rt. Hon. ULICK, 1st MARQUESS OF, K.P.	Q7878978
CLANWILLIAM, Rt. Hon. RICHARD, 3rd EARL OF	Q7327762
CLARENDON, Rt. Hon. GEORGE, 4th EARL OF	Q335305
CLARK, ALAN R.	
CLARK, GERALD E.	
CLARK, JAMES McADAM	Q56808647
CLARK, JAMES F.	Q6131361
CLARK, SIR TERENCE J.	Q16095480
CLARK, SIR W. ARTHUR W.	
CLARK, SIR WILLIAM H.	
CLARKE, EDWARD A. WALDRON	
CLARKE, FREDERICK S.	
CLARKE, GUY H.	Q56797957
CLARKE, SIR H. ASHLEY	Q15429546
CLARKE, LAURA M.	Q56797959
CLARKE, RICHARD I.	Q7324761
CLARKE-JERVOISE, SIR HARRY S.C., Bt.	
CLARKE-THORNHILL, THOMAS B.	
CLAY, SIR EDWARD	Q1291913
CLAY-KER-SEYMER, HARRY E.	
CLEARY, A. SHAUN	
CLEARY, DENIS M.	
CLEGHORN, BRUCE E.	
CLEMENS, CLIVE C.	
CLEMENTS, MICHAEL C.	
CLERK, Rt. Hon. SIR GEORGE R.	Q1508215
CLEUGH, ERIC A.	Q5386047
CLIBBORN, DONOVAN H.	
CLIFF, IAN C.	Q16151665
CLIFT, RICHARD D.	
CLINTON-THOMAS, ROBERT A.	
CLIPSHAM, PHILIP R.	
CLIVE, NIGEL D.	
CLIVE, Rt. Hon. SIR ROBERT H.	Q538703
CLOAKE, JOHN C.	Q15989913
CLOUDER, FIONA J.	
CLUNES, ANNA	
CLUTTERBUCK, SIR P. ALEXANDER	Q15989916
CLUTTON, SIR GEORGE L.	Q17064071
COATES, DAVID	Q25675757
COBBOLD, THOMAS C.	Q7788487
COBDEN, ALAN	
COCHRANE-DYET, FERGUS J.	Q5444166
COCKBURN, ALEXANDER	Q2641925
COCKERELL, WILLIAM A.	
COCKERHAM, DAVID	
COCKRAM, BEN	
CODRINGTON, RICHARD J.	
COE, WILLIAM J.	
COGHILL, JOHN P.	
COHEN, SIR EDGAR A.	
COKE-WALLIS, LEONARD G.	
COLE, SIR DAVID L.	
COLE, TIMOTHY M.	Q56798127
COLEMAN, BERNARD	
COLES, SIR A. JOHN	
COLES, AUGUSTUS L.	
COLLARD, DOUGLAS R.	
COLLARD, IAN F.	
COLLARD, TIMOTHY (TIM) M.	
COLLECOTT, PETER S.	Q7173329
COLLIER, SIR LAURENCE	
COLLINS, SIR ALAN S.	
COLLINS, ARTHUR J.	
COLLINS, MICHAEL B.	
COLLIS, SIMON P.	
COLNAGHI, SIR DOMINIC E.	
COLQUHOUN, SIR ROBERT G.	
COLTMAN, SIR A. LEYCESTER S.	Q710385
COLVIN, DAVID H.	
COLVIN, JOHN H.R.	Q6239849
COLVIN, KATHRYN F.	Q6377020
COMBS, SIR WILLIS I.	
COMFORT, ANTHONY F.	
CONCAR, DAVID W.	
CONDON, DENIS D.	
CONNELLY, BRIAN N.	
CONNOR, MICHAEL H.	
CONNOR, MICHAEL L.	
CONROY, ANNE (ANNELI) E.	
CONYNGHAM, Hon. ALBERT D.	
COOK, BERNARD C.A.	
COOK, ERIC W.	
COOK, FRANK A.G.	
COOK, MICHAEL E.	
COOKE, SARAH C.	
COOKSON, SIR CHARLES A.	
COOMBS, KAY	
COOPER, Rt. Hon. Sir ALFRED DUFF	
COOPER, SIR ROBERT F.	
COPE, EDMUND W.	
COPE, WALTER	
COPSON, MICHAEL J	
CORBETT, EDWIN	Q15989924
CORBETT, SIR VINCENT E.H.	
CORDINER, WILLIAM L.	Q56798147
CORLEY SMITH, GERARD T.	Q5549962
CORMACK, ROBERT L.B.	
CORNER, DIANE L.	Q17465910
CORNISH, R. FRANCIS	
CORNWALLIS, SIR KINAHAN	Q4116169
CORTAZZI, SIR H.A. HUGH	Q3246898
COSTAR, SIR NORMAN E.	
COSTLEY-WHITE, CYRIL G	
COTTON, SIR JOHN R.	
COULSON, SIR JOHN E.	
COULTAS, FREDERICK G.	
COURT, ROBERT V.	
COVERLEY-PRICE, A. VICTOR	Q21462566
COWELL, A.J. HAMISH	
COWLEY, RICHARD L.	
COWLEY, SARAH	Q56794419
COWLING, GEOFFREY S.	
COWLING, J. ROY	
COWPER, Hon. CHARLES S.	
COWPER, HENRY A.	
COWPER-COLES, SIR SHERARD L.	Q30941606
COX, NIGEL J.	
COX, NORMAN E.	
CRABBIE, CHRISTOPHER D.	
CRACKANTHORPE, DAYRELL E.M.	
CRADDOCK, TIMOTHY J.	
CRADOCK, SIR PERCY	Q7167292
CRAIG, SIR A. JAMES M.	
CRAIG, LESLEY	
CRAIGIE, Rt. Hon. SIR ROBERT L.	Q2597538
CRAMPTON, SIR JOHN F.T., Bt.	
CRANSTON, WILLIAM P.	
CRAVEN, AUGUSTUS D.	
CRAWFORD, CHARLES G.	
CRAWFORD, DAVID G.	
CRAWFORD, JOSEPH T.	
CRAWFORD, SIR R. STEWART	
CRAWLEY, DESMOND J.C.	Q5264698
CREEK, MALCOLM L.	Q56798156
CREES, IAN A.	
CRELLIN, JOANNA	
CRESSWELL, JEREMY M.	
CRESWELL, SIR MICHAEL J.	Q6829543
CREWE, Rt. Hon. ROBERT, 1st MARQUESS OF	
CRICHTON, Lieutenant-Colonel GERALD C.L.	
CRIPPS, Rt. Hon. Sir R. STAFFORD, C.H.	Q332405
CROFT, CAROLE M.	
CROFT, STANLEY E.	
CROFT, SIR WILLIAM D.	
CROISDALE-APPLEBY, LINDSAY	Q17418663
CROLL, M. LOUISE	
CROLL, MICHAEL	
CROMARTIE, R. IAN T.	
CROMBIE, ANTHONY C.	
CROMBIE, GEORGE E.	
CROMBIE, SIR JAMES I.C.	
CROMER, Rt. Hon. EVELYN, 1st EARL OF	
CROMER, Rt. Hon. ROWLAND, 3rd EARL OF CROMER	
CROMIE, Captain CHARLES F.	
CROMPTON, R.A. NEIL	
CRONIN, MARTIN E.	
CROOK, KENNETH R.	
CRORKIN, COLIN	
CROSBIE, WILLIAM	
CROSBY, JOHN M.	
CROSBY, SIR JOSIAH	
CROSS, HARRIET	
CROSS, LINDA M.	
CROSS, Rt. Hon. SIR RONALD H., Bt.	Q2165584
CROSSLEY, GEOFFREY A.	
CROSTHWAIT, TIMOTHY L.	
CROSTHWAITE, SIR P. MOORE	
CROW, FRANCIS E.	
CROWE, SIR ARTHUR DE C.	
CROWE, SIR BRIAN L.	
CROWE, SIR COLIN T.	Q4241799
CROWE, SIR EDWARD E.T.F.	Q18528139
CROWE, ERIC E.	
CROWE, SIR EYRE A.B.W.	
CROWE, Captain FRITZ E.H.	
CROWE, SIR JOSEPH A.	
CROWSON, RICHARD B.	
CROWTHER, FRANCIS H.	
CRUICKSHANK, CHARLES G.	
CULLEN, J. BRIAN	
CULLIGAN, PHILIP D.	
CULLIMORE, CHARLES A.K.	
CULLUM, SARAH	
CULSHAW, ROBERT N.	
CULVER, JOHN H.	Q56798180
CUMBERBATCH, ABRAHAM C.	
CUMBERBATCH, ARTHUR N.	
CUMBERBATCH, HENRY A.	
CUMMING-BRUCE, Hon. SIR FRANCIS E. HOVELL-THURLOW	
CUMMINS, HERBERT A.C.	
CUMMINS, RODNEY R.	
CUNLIFFE, SIR JONATHAN S.	
CUNNINGHAM, SIR GEORGE	
CURLE, SIR JOHN N.O.	
CURRAN, TERENCE D.	
CURRIE, D. JAMES	
CURRIE, SIR JAMES	
CURRIE, Rt. Hon. SIR PHILIP H.W.	
CURSON, BERNARD R.	
CURTIS, SUSAN	
CUSDEN, VICTOR V.	
DAIN, SIR DAVID J.M.	
DALES, SIR RICHARD N.	
DALGLEISH, ANDREW S.	
DALLAS, SIR GEORGE E., Bt.	
DALTON, MAURICE L.	
DALTON, PETER G.F.	
DALTON, SIR RICHARD J.	
DALY, JAMES	
DALY, MICHAEL F.	
DANIEL, HAMISH ST. CLAIR	
DANIELL, RALPH A.	
DARBY, JANE	
DARKE, J.M. JAMIE	
DARLING, SUSAN	
D’ARNAUD-TAYLOR, GILBERT	
DARROCH, SIR N. KIM	Q6408545
DART, JONATHAN	
DARWIN, HENRY G	
DASHWOOD, JAMES E.B.	
DAUKES, Lieutenant-Colonel SIR CLENDON T.	
DAUNT, SIR TIMOTHY L.A.	
DAURIS, JAMES E.	
DAVENPORT, MICHAEL H.	
DAVEY, GEORGE	
DAVID, TIMOTHY J.	
DAVIDSON, ALAN E.	
DAVIDSON, BRIAN J.	Q18685637
DAVIDSON, CAROLYN J.	
DAVIDSON, JAMES A.	
DAVIDSON, JOHN W.O.	
DAVIDSON, SIR W. EDWARD	
DAVIES, DAVID G.	
DAVIES, EMRYS T.	
DAVIES, HAROLD E.	
DAVIES, HUGH L.	
DAVIES, IAN	
DAVIES, JONATHAN (JON) A.	
DAVIES, LAURA	
DAVIES, PATRICK J.	
DAVIES, PETER D.R.	
DAVIES, R.H. GLYN	
DAVIES, WILLIAM J.	
DAVIS, ARCHIBALD W.	
DAVIS, SIR CHARLES T.	
DAW, SYDNEY E.H.	
DAWBARN, SIR SIMON Y.	
DAWKINS, CLINTON G.	
DAWKINS, EDWARD J.	
DAY, SIR DEREK M.	Q3439240
DAY, MARTIN C.	
DAY, STEPHEN P.	
DEAN, C. ROY	
DEAN, SIR PATRICK H.	
DEAN, VICTORIA G.	
DEANE, ROBERT E.	
DEAR, ROBERT E.	
de BUNSEN, Rt. Hon. SIR MAURICE W.W., Bt.	
de BURLET, ROBERT P.	
de CHASSIRON, CHARLES R.L.	Q5084017
de COURCY-IRELAND, PATRICK G.	
de COURCY LING, JOHN	Q6265531
de COURCY-PERRY, SIR GERALD R.	
de FONBLANQUE, JOHN R.	
de FREITAS, SIR GEOFFREY S.	Q2545186
de la MARE, SIR ARTHUR J.	Q2865409
DENING, SIR M. ESLER	Q5398354
DENNE, CHRISTOPHER J.A.	
DENNIS, JOHN D.	
DENNY, ROSS P.	
DENSON, JOHN B.	
DENTON-THOMPSON, MERRICK A.B.	
DENYS-BURTON, SIR FRANCIS C.E., Bt.	
DERBY, Rt. Hon. EDWARD, 17th EARL OF	
DERING, SIR HENRY N., Bt.	
DERING, SIR HERBERT G.	
DE SALIS, SIR JOHN F.C.	
De SOUSA, LOUISE A.	
DES GRAZ, SIR CHARLES L.	
DEW, JOHN A.	
DEWAR, ROBERT S.	
DEWBERRY, DAVID A.	
DHOLAKIA, DANAE	
DIBBEN, MICHAEL A.C.	
DIBBLE, ROY E.	
DIBLE, JAMES K.V.	
DICK, COLIN	
DICKIE, HARRY E.	
DICKINSON, W. MARK L.	
DICKSON, GEORGE	
DICKSON, SARAH M.	
DICKSON, SPENSER S.	
DICKSON, WILLIAM A.	
DICKSON, WILLIAM J.	
DIGGINES, CHRISTOPHER E.	
DIMOND, PAUL S.	
DINWIDDY, BRUCE H.	Q4977384
DISBROWE, SIR EDWARD C.	Q5342463
DIXON, SIR CHARLES W.	
DIXON, JACK S.	
DIXON, SIR PIERSON J.	Q2094124
DOBBS, JOSEPH A.	
DOBBS, W. BERNARD J.	
DOBLE, DENIS H.	
DOBLE, JOHN F.	
DODD, CHARLES E.S.	Q56798162
DODD, THOMAS E.	
DODDRELL, JOHN	
DODDS, SIR JAMES L.	
DODDS, JOHN	
DODSON, SIR DEREK S.L.	
DONALD, SIR ALAN E.	
DONALDSON, BRIAN	
DONALDSON, IAN M.	
DONNELLY, SIR J. BRIAN	
DONNELLY, SIR MARTIN E.	
DOREY, GREGORY J.	
DORIA, WILLIAM	Q1681478
DORMAN, RICHARD B.	Q56798159
DORMER, SIR CECIL F.J.	
DORSET, Rt. Hon. JOHN F., 3rd DUKE OF	
DOUBLEDAY, JOHN G.	
DOUGAL, MALCOLM G.	
DOUGLAS, ANDREW S.	
DOUGLAS, GEORGE S.	
DOUGLAS, JANET E.	
DOW, SIR HUGH	
DOWNING, HENRY J.	
DOWSE, TIMOTHY M.	
DOYLE, PERCY W.	
DRACE-FRANCIS, CHARLES D.S.	Q5076964
DRAKE, FRANCIS	
DRAKE, HOWARD R.	Q1631782
DREW, JONATHAN	
DREW, PHILIPPA C.	
DREW, THOMAS	
DRINKALL, JOHN K.	Q6230136
DRUMMOND, Rt. Hon. SIR J. ERIC DRUMMOND	
DRUMMOND, RODERICK I.	
DRUMMOND, SIR VICTOR A.W.	
DRUMMOND, Rt. Hon. SIR WILLIAM	
DRUMMOND-HAY, Rt. Hon. SIR JOHN	
DRUMMOND WOLFF, Rt. Hon. SIR HENRY	
DRURY, ALAN H.	
DUDDY, IAN	Q27811450
DUDGEON, HENRY A.	
DUDLEY, SIR ALAN A.	
DUFF, Rt. Hon. SIR A. ANTONY	Q708430
DUFF, SIR C. PATRICK	Q56798267
DUFF, PATRICK C.	
DUFFERIN AND AVA, Rt. Hon. FREDERICK, 1st MARQUESS OF	
DUFFERIN AND AVA, TERENCE, 2nd MARQUESS OF	
DUFFIELD, LINDA J.	Q1749850
DUGDALE, ARNOLD C.	
DUGGAN, GORDON A.	
DUGGIN, SIR THOMAS J.	
DUKE, SIR CHARLES B.	Q56798282
DUN, PETER J.	
DUNBAR, ROBERT	
DUNCAN, DAVID F.	Q27909740
DUNCAN, SIR HAROLD H.	
DUNCAN, JOHN S.R.	
DUNCAN, JOHN S.	
DUNCAN, STANLEY F. ST.C.	
DUNDAS, ROBERT G.	
DUNLOP, ALEXANDER G.	
DUNLOP, Brigadier SIR JOHN K.	
DUNLOP, WILLIAM L.M.	
DUNN, DAVID H.	
DUNN, JONATHAN M.	
DUNN, WILLIAM N.	
DUNNACHIE, HUGH	
DUNNETT, DENZIL I.	
DUNROSSIL, JOHN, 2nd VISCOUNT	
DURAND, SIR H. MORTIMER	Q255988
DURHAM, Rt. Hon. JOHN, 1st EARL OF	
DURHAM, JOHN C.	Q56798293
DUTTON, JAMES M.	
DYMOND, CHARLES E.	
DYSON, JOHN A.	
EADEN, MAURICE B.	
EAST, KENNETH A.	
EASTON, Air Commodore SIR JAMES A.	
EASTWICK, EDWARD B.	Q326162
EASTWOOD, BASIL S.T.	
EASTWOOD, HAROLD E.	
EATON, MARTIN R.	
EDDEN, ALAN J.	
EDEN, Hon. WILLIAM G.	
EDES, J. MICHAEL	
EDGAR, C. GEORGE	Q19957878
EDGE, CHRISTOPHER J.	
EDGCUMBE, Hon. GEORGE	
EDIS, RICHARD J.S.	
EDMOND, COLIN A.	
EDMONDS, JOHN C	
EDMONDS, ROBERT (ROBIN) H.G.	
EDMONDS, WILLIAM S.	
EDMONDS-BOWN, CEDRIC W.G.	
EDMONDSON, GEORGE D’A.	
EDWARDES, Hon. HENRY G.	
EDWARDES, Hon. RICHARD	Q56808927
EDWARDS, DAVID M.	
EDWARDS, GEOFFREY F.	
EDWARDS, JOHN	
EDWARDS, JOHN C.	
EDWARDS, STEWART L.	
EGERTON, Rt. Hon. SIR EDWIN H.	
EGERTON, SIR STEPHEN L.	
EHRMAN, SIR WILLIAM G.	Q4532535
ELAM, J. NICHOLAS	Q56808662
ELDON, SIR STEWART G.	
ELDRIDGE, GEORGE J.	
ELGAR, ALAN G.	
ELGIN, Rt. Hon. THOMAS, 7th EARL OF	
ELIOT, Rt. Hon. SIR CHARLES N.E.	
ELIOT, EDWARD, LORD	
ELIOT, Hon. WILLIAM	
ELIOT, WILLIAM, LORD	
ELLINGWORTH, RICHARD H.	
ELLIOT, CAROLINE (CARMA) M.	
ELLIOT, SIR FRANCIS E.H.	
ELLIOT, Hon. GEORGE F.S.	
ELLIOT, Rt. Hon. SIR HENRY G.	
ELLIOT, Rt. Hon. HUGH	
ELLIOTT, HUGH S.	
ELLIOTT, JONATHAN (JON) A.	
ELLIOTT, MARK	
ELLIOTT, T. ANTHONY K.	
ELLIOTT, WILLIAM	
ELLIS, ALEXANDER W.	
ELLIS, JOSEPH S.	
ELLIS-REES, SIR HUGH	
ELMES, CAROLINE M.T.	
EMERY, ELEANOR J.	Q19872987
EMPSON, SIR CHARLES	
EMPSON, TERRY	
ENGLAND, BARRIE	
ERROLL, VICTOR, 21st EARL OF	
ERSKINE, DAVID, 2nd LORD	
ERSKINE, Hon. EDWARD M.	
ERSKINE, ROBERT	
ERSKINE, THOMAS E.	
ERSKINE, Rt. Hon. SIR WILLIAM A.F.	
ETHERINGTON-SMITH, R. GORDON A.	
EUAN-SMITH, COLONEL SIR CHARLES B.	
EVANS, ALEXANDER	
EVANS, SIR FRANCIS E.	Q5480870
EVANS, HUBERT J.F.	Q56798317
EVANS, JULIAN A.	
EVANS, LAURENCE J.	
EVANS, DAME M. GLYNNE D.	
EVANS, SIR RICHARD M.	
EVANS, STEPHEN N.	
EVANS, TREFOR E.	Q56798318
EVANS, SIR W. VINCENT J.	
EVERARD, JOHN V.	
EVERARD, TIMOTHY J.	
EVERETT, BERNARD J.	
EVERSON, SIR FREDERICK C.	
EWANS, SIR MARTIN K.	
EWART, JOSEPH	Q6282945
EWART-BIGGS, CHRISTOPHER E.	Q5112297
EYERS, PATRICK H.C.	
EYRES, SIR HARRY C.A.	
EYRES, HARRY M.	
EZARD, CLARENCE N.	
FABER, SIR RICHARD S.	
FABIAN, A. PAUL	
FAGAN, GEORGE	
FAIRCLOUGH, ANTHONY J.	
FAIRWEATHER, SIR PATRICK S.	
FAIRWEATHER, ROBERT	
FALCONER, Liutenant-Colonel SIR GEORGE A.	
FALL, SIR BRIAN J.P.	Q4963709
FALL, DAVID W.	
FALLA, PAUL S.	
FALLE, SIR SAM	Q15429021
FANE, SIR EDMUND D.V.	
FANE, Hon. JULIAN H.C.	
FARNALL, HARRY de la B. R.	
FARNWORTH, JUDITH M.	Q6303385
FARQUHAR, SIR HAROLD L.	
FARQUHARSON, ROBERT A.	
FARRANT, Colonel FRANCIS	
FARRAR, REX G.	
FARREL, JULIAN	
FAULKNER, L. GREGORY	
FAWCETT, SIR J. HENRY,	
FAWCETT, JOHN H.	
FEAN, SIR T. VINCENT	Q7931786
FEARN, SIR P. ROBIN	Q16017387
FEARNLEY, JOHN T.	
FEATHERSTONE, SIMON M.	Q16192700
FELL, JOHN R.M.	
FELL, RICHARD T.	Q3080951
FELL, ROBERT	
FELTON, IAN	
FENN, SIR NICHOLAS M.	Q16239537
FENN, ROBERT D.R.	
FENTON, HENRY P.	
FERGUSON, CHRISTINE J.	
FERGUSON, EDWARD A. deP.	
FERGUSSON, SIR EWEN A.J.	Q4535628
FERGUSSON, Hon. GEORGE D.	
FERNIE, ALISTAIR	
FFRENCH, ROBERT P.	
FIDLER, MARTIN A.	
FIELD, E. JOHN	
FIELDING, FRANK S.	
FIELDING, SIR LESLIE	Q6530806
FIFOOT, PAUL R.N.	
FIGG, SIR LEONARD C.W.	Q24680566
FIGGIS, SIR ANTHONY ST.J. H.	
FILLITER, DOUGLAS F.S.	
FINCH, Major JOHN P.G.	
FINDLAY, SIR MANSFELDT de C.	Q15971082
FINGLAND, SIR STANLEY J.G.	Q7599600
FINLAYSON, GEORGE	
FINLAYSON, GEORGE S.	
FINN, ALEXANDER	
FISH, ARTHUR Y.	
FISHER, SIR GODFREY A.	
FISHER, JOHN M.	
FISHER, RICHARD C.	
FISHER, SIMON J.	
FISHER, STEVEN M.	
FITCHETT, ROBERT D.	
FITTON, DAVID J.	
FITTON-BROWN, EDMUND	
FITZGERALD, LORD ROBERT S.	Q26220079
FITZHERBERT, GILES E.	
FITZMAURICE, SIR GERALD G.	Q1509871
FLACK, BERTRAM A.	
FLAHERTY, PAUL	
FLEAR, TIMOTHY C.F.	
FLETCHER, THOMAS S.F.	
FLOUD, SIR FRANCIS L.C.	Q16003830
FLOWER, ROBERT P.	
FLYNN, JOHN G.	
FONTANA, RAPHAEL A.	
FORBES, Hon. FRANCIS R.	
FORBES, MATTHEW K.	
FORBES, SIR V. COURTENAY W.	
FORBES-MEYLER, JOHN W.	
FORBES SMITH, MICHAEL	
FORD, ANTONY	
FORD, Rt. Hon. SIR F. CLARE	Q5126162
FORD, HUGH A.	
FORD, SIR JOHN A.	
FORD, JOSEPH F.	
FORD, PETER W.	
FORD, ROBERT W.	
FORDHAM, SIR A. STANLEY	
FORSTER, HENRY F.	
FORSTER, SIR OLIVER G.	
FORSTER, RALPH G.E.	
FORT, DAME MAEVE G.	Q6729391
FORTESCUE, SIR J. ADRIAN	
FOSTER, Rt. Hon. SIR AUGUSTUS J., Bt.	
FOSTER, PETER M.	
FOULDS, LINTON H.	
FOWLER, DENNIS H.	
FOWLER, PETER J.	
FOWLER, REES J.	
FOWLER, SIR ROBERT W.D.	
FOX, SIR HARRY H.	
FOX, Hon. HENRY E.	
FOX, General the Hon. HENRY E.	
FOX, HENRY S.	
FOX, PAUL L.	
FOX, ROY	
FOX-STRANGWAYS, Hon. WILLIAM T.H.	Q8009278
FRANCIS, A. DAVID	
FRANCIS, SIR PHILIP	
FRANKLIN, ALBERT A.E.	
FRANKS, Rt. Hon. SIR OLIVER S.	
FRASER, SIR A. RONALD	
FRASER, CHARLES H.	
FRASER, SIR EVERARD D.H.	
FRASER, GILLIAN	
FRASER, HUGH	
FRASER, JAMES D.	
FRASER, SIR SIMON J.	
FRASER-TYTLER, Lieutenant-Colonel SIR WILLIAM K.	
FREELAND, SIR JOHN R.	
FREEMAN, Rt. Hon. JOHN	Q4356465
FREEMAN, JOHN P.G.	Q56808524
FREEMAN, WENDY P.	
FREESE-PENNEFATHER, HAROLD W.A.	Q56808652
FRENCH, NEVILLE A.I.	
FRENCH, ROGER	
FRERE, BATHOLOMEW	
FRERE, Rt. Hon. JOHN H.	
FRETWELL, SIR M. JOHN E.	Q15989990
FROST, DAVID G.H.	
FROST, MICHAEL E.	
FRY, SIR GRAHAM H.	Q4492302
FRY, SIR LESLIE A.C.	
FULLER, ELEANOR M.	
FULLER, SIMON W.J.	
FULLERTON, PETER G.P.D.	
FULLERTON, WILLIAM H.	
FURLONGE, SIR GEOFFREY W.	
FURNESS, ALAN E.	
FYJIS-WALKER, RICHARD A.	
FYNES-CLINTON, DAVID O.	
GAGE, SIR BERKELEY E.F.	
GAINER, SIR DONALD St.C.	
GAISFORD, HUGH W.	
GALE, MALCOLM	
GALLAGHER, BRIAN	
GALLAGHER, F.G. KENNA	
GALLAGHER, FRANCIS X.	
GALLAGHER, SIMON	
GALLARD, JILL	
GALLIENNE, WILFRED H.	
GALLOP, RODNEY A.	
GALLOWAY, RACHEL	
GALSWORTHY, SIR ANTHONY C.	Q4772568
GALSWORTHY, SIR ARTHUR N.	
GALSWORTHY, SIR JOHN E.	
GALVEZ, ELIZABETH A.	
GAMBLE, SIR F. HERBERT	
GANDEE, JOHN S.	Q19787181
GANDY, CHRISTOPHER T.	
GARDENER, SIR A.JOHN	
GARLIKE, BENJAMIN	
GARNER, FREDERIC F.	
GARNER, JOHN D.	
GARNER, SIR J.J. SAVILLE	
GARNETT, BERNARD J.	
GARNETT, WALTER J.	
GARRAN, SIR I. PETER	
GARRETT, CHARLES E.	
GARSIDE, BERNHARD H.	
GARSIDE, ROGER R.	
GARTH, ANDREW J.	Q23891986
GARVEY, SIR TERENCE W.	Q14865387
GASCOIGNE, SIR ALVARY D.F.	
GASELEE, SIR STEPHEN	
GASKELL, PAUL	
GASS, SIR SIMON L.	Q2287503
GATES, HELEN D.	
GATES, HORACE F.A.	
GATES, MAURICE B.,	
GATTY, TREVOR T.	
GAULD, JOSEPHINE L.L.	
GAULT, CHARLES A.	
GAUTREY, PETER	
GEDDES, Rt. Hon. SIR AUCKLAND	
GEE, TIMOTHY H.	
GELLING, WILLIAM J.	
GEMMELL, RODERICK	
GEORGE, ANDREW N.	Q597765
GEORGE, SIR ANTHONY H.	
GEORGE, PETER J.	
GEORGE, TIMOTHY J.B.	
GERKEN, IAN	
GIBB, FIONNA	
GIBBS, Hon. SIR EUSTACE H.B.	
GIBBS, SIR FRANK S.	
GIBSON, JOHN P.	
GIBSON, ROBERT W.	
GIDDENS, RICHARD G.	
GIFFARD, SIR C. SYDNEY R.	Q7659943
GIFFORD, Hon. EDWARD S.	
GIFFORD, MICHAEL J.	Q16239676
GILCHRIST, SIR ANDREW G.	Q4757087
GILL, STUART W.	Q19663998
GILLETT, SIR MICHAEL C.	
GILLETT, SARAH	Q17050252
GILLHAM, GEOFFREY C.	
GILLIAT-SMITH, BERNARD J.	
GILLIAT-SMITH, GUY B.	
GILLMORE, SIR DAVID H.	Q4138312
GILMARTIN, HUGH	
GIVEN, EDWARD F.	
GLADSTONE, DAVID A.S.	
GLASBY, A. IAN	
GLASS, SIR LESLIE C.	
GLASSE, THOMAS H.	
GLAZE, MICHAEL J.C. (JAMES)	
GLENNY, WILLIAM J.	
GLOVER, EDWARD C.	
GLOVER, GRAHAM D.	
GLOVER, JESSICA E.	
GODDEN, CHARLES H.	
GODFREY, SIR WALTER	
GODOLPHIN OSBORNE, SIR F. D’ARCY	Q336936
GODSON, ANTHONY	
GOLDIE, ROBERT G.	
GOLDS, ANTHONY A.	
GOLDSMITH, ALEXANDER (ALICK) K.	
GOLDSTEIN, MARA	
GOLLAN, SIR ALEXANDER	Q19519992
GOMERSALL, SIR STEPHEN J.	Q4147086
GOMM, WILLIAM	
GOOCH, ANTHONY J.	
GOODALL, Rt. Hon. SIR ALASTAIR R.	
GOODALL, SIR A. DAVID S.	Q5234222
GOODDEN, ABINGTON	
GOODENOUGH, SIR ANTHONY M.	
GOODERHAM, PETER O.	Q7174287
GOODFELLOW, MARK A.	
GOODING, MARK	
GOODISON, SIR ALAN C.	
GOODWIN, CHARLES A.	
GORDON, BRIAN W.	
GORDON, DONALD M.cD.	
GORDON, GEORGE J.R.	
GORDON, J. FRANCOIS	Q5484649
GORDON, JOHN K.	
GORDON, R. DOUGLAS	
GORDON, Rt. Hon. SIR ROBERT	
GORDON, ROBERT A.G.	
GORDON-LENNOX, LORD NICHOLAS C.	Q588286
GORDON-MACLEOD, DAVID S.	
GORDON-SMITH, DAVID G.	
GORE, MICHAEL E.J.	
GORE, PHILIP Y.	
GORE, Captain the Hon. ROBERT	
GORE-BOOTH, Hon. SIR DAVID A.	Q4171967
GORE-BOOTH, SIR PAUL H.	Q4143367
GORHAM, ROBIN S.	
GORING-MORRIS, REX	
GORST, SIR ELDON F.	Q3176685
GOSCHEN, Rt. Hon. Sir W. EDWARD, Bt.	Q87446
GOSLING, SIR AUDLEY C.	
GOSLING, CECIL W.G.	Q56798322
GOSSELIN, SIR MARTIN LE M. H.	
GOUGH, HUGH, 3rd VISCOUNT	
GOUGH, JUDITH	Q21662922
GOULD, SIR BASIL J.	
GOULD, EDWARD B.	
GOULD, GERARD F.	
GOULD, MATTHEW S.	Q6790583
GOULD, ST. JOHN B.	
GOULD-DAVIES, NIGEL J.	
GOULDEN, SIR P. JOHN	
GOULDING, SIR MARRACK I.	Q3294831
GOULTY, ALAN F.	
GOWAN, DAVID J.	Q56798325
GOWER, Rt. Hon. GEORGE G., EARL GOWER	
GOWLLAND, G. MARK	
GOZNEY, SIR RICHARD H.T.	Q1278584
GRADY, TERENCE	
GRAFFTEY-SMITH, SIR LAURENCE B.	Q1237757
GRAHAM, SIR JOHN A.N., Bt.	
GRAHAM, KATHLEEN M.	
GRAHAM, Rt. Hon. SIR RONALD W.	
GRAHAM, WALTER G.C.	
GRAHAME, Rt. Hon. SIR GEORGE D.	
GRAINGER, JOHN A.	
GRANT, ANN	
GRANT, SIR JOHN D.K.	
GRANT DUFF, SIR ARTHUR C.	
GRANT DUFF, SIR EVELYN M.	Q1381783
GRANT WATSON, HERBERT A.	
GRANT WATSON, ROBERT	
GRANVILLE, Rt. Hon. GRANVILLE, 1st EARL	
GRANVILLE, Rt. Hon. GRANVILLE, 3rd EARL	
GRATTAN, SIR EDMUND A.	
GRAVES, SIR HUBERT A.	
GRAVES, SIR ROBERT W.	
GRAY, DAVID	
GRAY, EDWARD F.	
GRAY, J. CHARLES R.	
GRAY, SIR JOHN W.D.	
GREATBATCH, SIR BRUCE	
GREAVES, JEFFREY	
GREAVES, SIR JOHN B.	
GREEN, ALAN S.	
GREEN, SIR ANDREW F.	
GREEN, SIR JOHN	
GREEN, SIR WILLIAM KIRBY M. 	
GREENE, Rt. Hon. SIR W. CONYNGHAM	Q1724949
GREENHILL, BASIL J.	Q4867167
GREENHILL, SIR DENIS A.	Q5257263
GREENLEAVES, HERBERT L.	
GREENSHIELDS, ROBERT M.	
GREENSTOCK, SIR JEREMY Q.	Q6181400
GREENSTREET, MICHAEL J.	
GREENWAY, JOHN D.	Q56798326
GREENWOOD, J. RUSSELL	
GREG, SIR ROBERT H.	
GREGAN-CRAUFURD, SIR JAMES, Bt.	
GREGORY, JOHN D.	
GREGORY-HOOD, PETER C.F.	
GREGSON, STUART W.	
GREVILLE, ALGERNON F.	
GREVILLE, SIR GEORGE	
GREY, ALAN H.	
GREY, HUGH K.	
GREY, SIR PAUL F.	
GREY, Hon. WILLIAM G.	
GRIER, PATRICK A.	
GRIFFIN, SIR L. CECIL L.	
GRIFFITH, OWEN G.	
GRIFFITH, PHILIP	
GRIFFITHS, G.F.	
GROSS, SOLOMON J.	
GROSVENOR, Hon. THOMAS F.	
GUCKIAN, NOEL J.	
GUDGEON, STANLEY H.	
GUEST, MELVILLE R.J.	Q6813875
GUHA, PRIYA V.	
GURNEY, SIR HUGH	Q18109082
GURNEY, MARTYN P.C.	
GURNEY, TIM	
GURNEY, WENTWORTH M.	
GUY, FRANCES M.	Q16193132
GUY, JOHN W.	
GWATKIN, ANDREW	
GWYNN, ROBERT (ROBIN) C.P.	
GYBBON-MONYPENNY, H. REGINALD D.	
GYE, ERNEST F.	
HABBERJAM, BARBARA	
HADOW, SIR R. MICHAEL	Q6830897
HADOW, SIR ROBERT H.	Q56808516
HAGGARD, SIR GODFREY D.N.	Q15967708
HAGGARD, SIR WILLIAM H.D.	
HAIGH, A. ANTHONY F.	
HAILES, DANIEL	Q4993538
HAILEY, NICHOLAS J.	
HAINES, SIR CYRIL H.	
HAINING, THOMAS N.	
HAINWORTH, HENRY C.	Q5722451
HALE, H. E. JOHN	
HALEY, PHILIP W.R.C.	
HALFORD-MACLEOD, AUBREY S.	
HALIFAX, Rt. Hon. EDWARD, 1st EARL OF	
HALL, ALFRED C.	
HALL, ANDREW R.	
HALL, CHARLES H.	
HALL, DAVID J.	
HALL, FRANCIS W.	
HALL, GEORGE E.	
HALL, H. PETER	
HALL, SIR PETER E.	Q7174487
HALL. PHILIP R.	
HALL, W.JOHN	
HALL HALL, ALEXANDRA M.	
HALL HALL, SIR HERBERT	
HALL-PATCH, SIR EDMUND L.	Q18576066
HALLETT, EDWARD (TED) C.	
HAMILTON, CHARLES A.	
HAMILTON, FREDERIC DOUGLAS	
HAMILTON, HAMILTON C.J.	
HAMILTON, JOHN A. de C.	
HAMILTON, TERRICK	
HAMILTON, Rt. Hon. SIR WILLIAM	
HAMILTON, WILLIAM A.B.	
HAMILTON, WILLIAM R.	
HAMLEY, DONALD A.	
HAMMETT, HAROLD G.	
HAMMOND, Rt. Hon. EDMUND	
HAMMOND, GEORGE	
HAMPDEN-TREVOR, Rt. Hon. JOHN	Q6237509
HAMPSHIRE, SIR G. PETER	
HAMYLTON JONES, KEITH	
HANBURY-TENISON, SIR RICHARD	
HANCOCK, SIR PATRICK F.	Q11813525
HAND, GRAHAM S.	
HAND, JESSICA M. (formerly PEARCE)	
HANHAM, LEONARD E.	
HANKEY, Hon. HENRY A.A.	
HANKEY, ROBERT, 2nd LORD	
HANKINSON, SIR WALTER C.	
HANNAM, MICHAEL P.V.	
HANNAY, SIR DAVID H.A.	
HANNEN, SIR NICHOLAS J.	
HANNIGAN, ROBERT P.	
HARBORNE, PETER G.	
HARDIE, MICHAEL J.	
HARDING, SIR EDWARD J.	
HARDING, SIR G. WILLIAM	
HARDINGE, Rt. Hon. SIR ARTHUR H.	Q709771
HARDINGE, Rt. Hon. SIR CHARLES. K.G.	
HARDMAN, JAMES A.	
HARE, PAUL W.	
HARFORD, FREDERIC D.	
HARLECH, Rt. Hon. DAVID, 5th LORD	
HARLECH, Rt. Hon. WILLIAM, 4th LORD	Q2908365
HARPER, MONICA C.	
HARPHAM, SIR WILLIAM	
HARRINGTON, Lieutenant-Colonel SIR JOHN L.	
HARRIS, ANTHONY D.	
HARRIS, COLIN G.	
HARRIS, Admiral the Hon. SIR EDWARD A.J.	
HARRIS, GEORGE	
HARRIS, MARTIN F.	
HARRIS, SIR THOMAS G.	
HARRISON, DAVID M.	
HARRISON, FRANCIS A.K.	
HARRISON, SIR GEOFFREY W.	Q1503062
HARRISON, HERBERT W.B.	
HARRISON, JOHN C.	
HARRISON, RONALD C.G.	
HARRISON, W. ALISTAIR	Q4727292
HARRISS-GASTRELL, JAMES P.	
HARRISS GASTRELL, WILLIAM S.	
HARRISSON, KATE	
HARROD, JEAN	
HART, GUY W.P.	
HART, SIR ROBERT, Bt.	
HART, ROGER D.	Q56808066
HARTLAND-SWANN, JULIAN D.N.	
HARVEY, ALAN F.R.	
HARVEY, C. PAUL D.	
HARVEY, SIR OLIVER C.	
HASKELL, D. KEITH	
HASLAM, CHRISTOPHER P. de L.	
HASWELL, CHARLES C.D.	
HATFULL, MARTIN A.	
HAVARD, SIR GODFREY T.	
HAWKINS, JOHN M.	
HAWLEY, SIR DONALD F.	
HAY, DAME BARBARA L.	
HAY, CHARLES J.	
HAY, Lieutenant-Colonel SIR W. RUPERT	
HAY-CAMPBELL, T. IAN	
HAY-DRUMMOND-HAY, SIR ROBERT	
HAY NEWTON, FRANK J.S.	
HAYDAY, ANTHONY V.	
HAYDON, SIR W.R. (ROBIN)	
HAYES, CHRISTINE (KIRSTY) I.	
HAYES, PETER R.	
HAYMAN, SIR PETER T.	
HAYTER, SIR WILLIAM	
HAYWARD, CHRISTOPHER C.	
HAYWOOD, NIGEL R.	Q3341354
HEAD, Rt. Hon. ANTONY, 1st VISCOUNT	
HEAD, WILLIAM G.	
HEALY, DENIS T.	
HEAP, SIR PETER W.	
HEARDMAN, PAUL	
HEARN, SIR WALTER R.	
HEATH, ANDREW	
HEATH, JOHN M.	
HEATH, SIR MARK E.	
HEATH, NICHOLAS	
HEATHCOTE-SMITH, CLIFFORD B.B.	
HEATHCOTE-SMITH, SIR CLIFFORD E.	
HEBBLETHWAITE, SIDNEY H.	
HEDDY, BRIAN H.	
HEDGES, MATTEW J.	
HEIGL, PETER R.	
HELM, SIR A. KNOX	
HEMANS, SIMON N.P.	
HEMMINGS, TIMOTHY	
HENDERSON, ANDREW D.F.	
HENDERSON, EDWARD F.	Q5342903
HENDERSON, HECTOR B.	
HENDERSON, SIR IAN L.	
HENDERSON, SIR JAMES T.	
HENDERSON, JOHN H.	
HENDERSON, SIR J. NICHOLAS	Q558063
HENDERSON, SIR MALCOLM S.	Q56808656
HENDERSON, SIR NEVILE M.	Q666843
HENDERSON, VICTOR J.	Q16105646
HENDRIE, BARBARA	
HENDRIE, ROBERT A.M.	
HENDRY, IAN D.	
HENLEY, Rt. Hon. MORTON F., 1st LORD	Q6914846
HENNESSY, DENIS W.	
HENNESSY, SIR JAMES P.I.	
HENNIKER (-MAJOR), Hon. SIR JOHN P.E.C.	
HENNINGS, JOHN D.	
HENSBY, FREDERICK C.	
HEPBURN, ERIC	
HEPPEL, RICHARD P.	
HEPTINSTALL, LESLIE G.	
HERBERT, SIR ARTHUR J.	
HERBERT, Rt. Hon. SIR MICHAEL H.	Q5801949
HERMANN, ALEXANDER H.B.	
HERRIDGE, MICHAEL E.J.	
HERRIES, EDWARD	
HERTSLET, SIR E. CECIL	Q46031636
HERTSLET, SIR EDWARD	Q16030606
HERVEY, HENRY A.W.	
HERVEY, LORD HERBERT A.R.	Q9003006
HERVEY, Captain JOHN A., LORD	
HERVEY, LIONEL C.	
HERVEY, SIR ROGER B.R.	
HERVEY, LORD WILLIAM	
HEWITT, GAVIN W.	
HEYN, ANDREW R.	Q26729852
HIBBERT, SIR REGINALD A.	Q7308746
HICKEY, STEPHEN B.	
HICKMAN, JOHN K.	
HICKS, REGINALD J.	
HICKSON, MICHAEL	
HILDYARD, SIR DAVID H.T.	Q18670973
HILL, LORD A. MARCUS C.	
HILL, CHARLES E.	
HILL, SIR CLEMENT L.	
HILL, CLIFFORD F.	
HILL, MARTIN H.P.	
HILL, MICHAEL T.	
HILL, P. JEREMY O.	
HILL, PETER	
HILLER, GEORGE F.	Q3101647
HILLIER-FRY, W. NORMAN	
HILLYER, REGINALD A.N.	
HILSON, MALCOLM G.	
HIME, MARTIN	
HINCHCLIFFE, PETER R.M.	
HISCOCK, STEPHEN J.	
HITCH, BRIAN	Q4964063
HITCHENS, TIMOTHY M.	
HOAR, GARETH K.	
HOARE, SIR REGINALD H.	Q2137993
HOARE, Rt. Hon. SIR SAMUEL J.G., Bt.	
HOBART, EDWARD A.B.	
HOBBS, JEREMY	
HOBDEN, REGINALD H.	
HOBSON, SIR HENRY A.	
HOCKENHULL, ARTHUR J.W.	
HODGE, SIR JAMES W.	
HODGE, MICHAEL	
HODGSON, GEORGE W.	
HODGSON, SIR ROBERT M.	
HOGGARD, ROBIN R.	
HOGGER, HENRY G.	
HOGWOOD, SUSAN E.	
HOHLER, HENRY A.F.	
HOHLER, SIR THOMAS B.	
HOLBORN, NED	
HOLDICH, PATRICK G.H.	
HOLDING, JOHN F.	
HOLDING, MALCOLM A.	
HOLE, EDWYN C.	
HOLE, JOHN BOGER	
HOLLAND, EDWARD R.C.	
HOLLAND, H. ROBERT C.	
HOLLAND, NEIL	
HOLLIDAY, LEONARD G.	
HOLLOWAY, MICHAEL J.	
HOLLOWAY, REGINALD E.	
HOLMAN, SIR ADRIAN	
HOLMER, PAUL C.H.	
HOLMES, BARRY T.	
HOLMES, SIR JOHN E.	
HOLMES, PETER R.	
HOLMES, SIR STEPHEN L.	
HOLMES, TIMOTHY C.	
HOLT, DAME DENISE M.	
HOLT, J.DAVID F.	
HOLT, Captain SIR VYVYAN	
HOLTBY, CHRISTOPHER B.	
HONE, MICHAEL S.	
HONEY, SOPHIE	
HOOD, SAMUEL, 6th VISCOUNT	Q21176335
HOOK, NEIL K.	
HOOPER, SIR ROBIN W.J.	
HOPCROFT, GEORGE W.	
HOPE, SIR C. PETER	
HOPE, LAURENCE F.	
HOPE, MARCUS L.H.	
HOPE-JONES, RONALD C.	
HOPKINS, EMMA K.	
HOPKINS, MELANIE	
HOPKINSON, BRYAN	
HOPKINSON, HENRY L. d’A.	
HOPSON, SIR DONALD C.	Q56808563
HOPTON, NICHOLAS D.	
HOPWOOD, CHARLES A.	
HORN, ALAN B.	
HORN, HELEN M.	
HORNE, MICHAEL J.	
HOUGH, WILLIAM	
HOUSSEMAYNE DU BOULAY, SIR ROGER	
HOUSTON-BOSWALL, SIR WILLIAM E.	
HOWARD, SIR DOUGLAS F.	
HOWARD, Hon. EDMUND B.C.	
HOWARD, Rt. Hon. SIR ESME W	
HOWARD, SIR HENRY	
HOWARD, SIR HENRY F.	
HOWARD, Hon. HENRY G.	
HOWARD, Hon. JAMES K.	
HOWARD DE WALDEN, CHARLES, 6thLORD, and 2nd LORD SEAFORD	
HOWARD SMITH, CHARLES	
HOWARTH, STEPHEN F.	
HOWDEN, JOHN, 2nd LORD	
HOWE, SIR ROBERT G.	
HOWELL, MICHAEL E.	
HOWELL, WILLIAM G.R.	
HOWELLS, CHRISTOPHER J.	
HOYER MILLAR, SIR FREDERICK R. (DERICK)	
HUCKIN, VICTOR H. ST.J.	
HUCKLE, ALAN E.	Q575354
HUDSON, SIR JAMES	
HUGH-JONES, SIR WYNN N., SIR HUGH JONES)	
HUGHES, ALBERT H.	
HUGHES, E. JOHN	Q6240277
HUGHES, IAN N.	
HUGHES, JOHN T.	
HUGHES, PATRICK J.	
HUGHES, PETER J.	
HUGHES-HALLETT, LESLIE	
HUIJSMAN, NICOLAAS B.J.	
HULSE, CHRISTOPHER	
HUM, SIR CHRISTOPHER O.	Q5112592
HUMFREY, CHARLES T.W.	
HUMPHRYS, Lieutenant-Colonel SIR FRANCIS H.	
HUNT, ALAN C.	
HUNT, DAVID	
HUNT, SIR DAVID W.S.	
HUNT, MARY E.	
HUNT, PETER L.	
HUNT, SIR REX M.	
HUNT, ROLAND C.C.	
HUNTER, SIR ALISTAIR J.	
HUNTER, JOHN M.	
HURRELL, SIR ANTHONY G.	
HURRELL, IAN M.	
HURST, SIR CECIL J.B.	
HURST, LEONARD H.	
HUTCHEON, SIR ALEXANDER B.	
HUTCHINSON, PATRICIA M.	
HUTCHISON, SIR JOHN C.	
HUTSON, JOHN W.	
HYLAND, SUSAN M.	
HYSLOP, JAMES T.	
IBBOTT, ALEC	
ILLMAN, JOHN	
IMRAY, SIR COLIN H.	
INGHAM, CHRISTOPHER J.	
INGLIS, SIR A. PERCY	
INGRAM, E. MAURICE B.	
INNES, PETER M.	
INNES, STUART H.	
INNES-HOPKINS, CHRISTOPHER R.	
IRVINE, WILLIAM D.	
IRVING, SIR STANLEY G.	
ISAACSON, SIR ROBERT S.	
IYER, KUMAR	
JACK, STUART D.M.	Q3318751
JACKLING, SIR ROGER W.	Q7358396
JACKSON, ANDREW	
JACKSON, FRANCIS J.	
JACKSON, FREDERICK H.	
JACKSON, SIR GEOFFREY H.S.	Q5534706
JACKSON, GEORGE	
JACKSON, G. NOEL	
JACKSON, SIR J. EDWARD	
JACKSON, R. MICHAEL.	
JACKSON, THOMAS	
JAMES, SIR CYNLAIS M. (KENNETH)	
JAMES, SIR JEFFREY R.	Q1686486
JAMES, JOHN	
JAMES, Rt. Hon. SIR J. MORRICE C.	Q4160070
JAMES, R. MICHAEL	
JAMIESON, GEORGE	
JAMIESON, KENNETH D.	
JANUARY, PETER	
JARDINE, CHARLES W.	
JARDINE, JOHN F.J.	
JARRETT, ANNE	
JARROLD, NICHOLAS R.	
JASPER, JEREMY S.	
JASPER, ROBIN L.D.	
JAY, SIR MICHAEL H.	Q335785
JAY, Hon. PETER	
JEBB, SIR H.M. GLADWYN	Q1275
JENKINS, SIR JOHN	
JENKINS, SIR MICHAEL R.H.	
JENKINS, OWEN	
JENKINS, PETER R.	
JENKINS, RICHARD T.	
JENKINSON, Hon. CHARLES C.C.	Q5079495
JENKINSON, ERIC	
JENNER, GEORGE F.B.	
JENNINGS, COLIN B.	
JERMEY, DOMINIC J.R.	Q56678412
JERNINGHAM, Hon. GEORGE S.S.	
JERNINGHAM, Hon. WILLIAM G.S.	
JERRAM, SIR C. BERTRAND	
JERROM, THOMAS C. (DAVID) 	
JEWKES, SIR GORDON W.	Q3110934
JOCELYN, Hon. WILLIAM N.	
JOHN, ROBERT M.	
JOHNSON, DAVID J.	
JOHNSON, SIR JOHN R.	
JOHNSON, KATRINA	
JOHNSON, MATTHEW A.	
JOHNSTON, SIR CHARLES H.	
JOHNSTON, GORDON M.	
JOHNSTON, SIR HENRY H.	
JOHNSTON, SIR JOHN B.	
JOHNSTON, PATRICK M.	
JOHNSTON, PAUL C.	
JOHNSTONE, Hon. SIR ALAN V.	Q17985458
JOHNSTONE, PETER	
JOINT, SIR E. JAMES	
JONES, BARRIE S.	
JONES, D. ALAN	
JONES, EDGAR S.	
JONES, Captain HENRY M., V.C.	
JONES, MERVYN T.	
JONES, NERYS H.	
JONES, NOEL A.S.	
JONES, PETER E.	
JONES, RAYMOND E.	
JONES, RAYMOND F.	
JONES, RICHARD H.F.	
JONES, TIMOTHY A.	
JONES, WILFRED	Q19902529
JONES-BRYDGES, Rt. Hon. Sir HARFORD, Bt.	
JONES PARRY, SIR EMYR	
JOPSON, SIR R. KEITH	
JORDAN, Rt. Hon. SIR JOHN N.	
JORDAN, STANLEY R.	
JOSHI, BHARAT S.	
JOY, A. ANTHONY	
JOY, DAVID	
JOY, MICHAEL G.L.	
JOY, RUPERT H.N.	
JOYCE, ALEC H.	
JOYCE, LUCY R.	
JUDD, JOHN B.T.	
JUPP, CLIFFORD N.	
KARIUKI, JAMES	
KAY, JOLYON C.	
KAY, SIR NICHOLAS P.	
KAY, SYDNEY E.	
KEALY, ROBIN A.	
KEEBLE, SIR H.B. CURTIS	Q4219974
KEEBLE, THOMAS W.	
KEEFE, DENIS E.P.P.	Q17285421
KEELING, EDWARD A.	
KEENE, WILLIAM	
KELLAS, ARTHUR R.H.	
KELLY, SIR DAVID V.	Q1176977
KELLY, IAIN C.M.	
KELLY, PATRICIA M.	
KEMBALL, CHRISTOPHER G.	
KEMP, ALISON	
KEMP, SIR KENNETH M.	
KEMP, OLIVER	
KENDALL, SIMON	
KENNARD, SIR HOWARD W.	
KENNEDY, SIR CHARLES M.	
KENNEDY, SIR FRANCIS	
KENNEDY, HORAS T.	
KENNEDY, JOHN	
KENNEDY, SIR JOHN G.	
KENNEDY, SIR ROBERT J.	
KENNEDY, THOMAS J.	
KENT, MARK A.G.	Q26196946
KENYON, IAN R.	
KER, K.R. WELBORE	
KERMODE, SIR DERMOT W.	
KERR, Rt. Hon. SIR ARCHIBALD J.K. CLARK	Q633241
KERR, DESMOND M.	
KERR, SIR JOHN O.	
KERSHAW, ROGER	
KEY, ANDREW J.T.	
KEY, EDWARD E.	
KEYSER, LIONEL E.	
KIDD, JOHN C.W. (MATTHEW)	
KIDSTON, GEORGE J.	
KILLEARN, Rt. Hon. MILES, 1st LORD	
KILLICK, SIR JOHN E.	Q16016189
KILLICK, PAUL V. ST.J.	
KIMBER, GURTH	
KINCHEN, RICHARD	
KING, ALFRED H.	
KING, SIR ARTHUR H.W.	
KING, CECIL E.	
KING, HILARY W.	
KING, SIR JULIAN B.	Q14948632
KING, SIR NORMAN	
KINNEAR, IAN A.C. (TIM)	
KINOSHITA, SUSAN M.	
KIRCHNER, PETER J.	
KIRK, GEOFFREY W.	Q56808105
KIRK, SIR JOHN	
KIRK, MATTHEW J.L.	
KIRKBRIDE, SIR ALEC S.	Q785638
KIRKPATRICK, SIR IVONE A.	Q1675824
KISCH, JOHN M.	
KITCHENS, SUSAN	
KITSON, SIR GEORGE V.	
KITTMER, JOHN	Q15990108
KNATCHBULL-HUGESSEN, SIR HUGHE M.	Q1634657
KNIGHT, WILLIAM L.C.	
KNIGHT-SANDS, CATHERINE (KATE)	
KNIGHT SMITH, IAN	
KNOTT, G. JONATHAN	Q1101453
KNOX, SIR GEOFFREY G.	
KNOX, SIR THOMAS G.	
KOENIG, FRANCIS P.	
KOHAN, ROBERT M.	
KOPPEL, PERCY A.	
KRAUS, JOHN A.	
KUENSSBERG O’SULLIVAN, JOANNA K.	
KYDD, IAN D.	
KYLES, RAYMOND W.	
LABOUCHERE, SIR GEORGE P	
LAING, CATRIONA W.C.	
LAING, J. STUART	
LAING, W.J. SCOTT	
LAIRD, EDGAR O. (MICHAEL)	
LAITHWAITE, SIR J. GILBERT	Q5561043
LAMARQUE, WALTER G.	
LAMB, SIR ALBERT T. (ARCHIE)	
LAMB, Rt. Hon. SIR FREDERICK J.	Q5498235
LAMB, SIR HARRY HARLING	
LAMB, SIR LIONEL H.	
LAMB, ROBIN D.	
LAMBERT, SIR ANTHONY E.	
LAMBERT, SIR EDWARD T.	
LAMBERT, SIR JOHN H.	
LAMING, RICHARD V.	
LAMONT, DONALD A.	
LANDALE, RUSSELL T.	
LANDSMAN, DAVID M.	Q4271289
LANE, DAVID N.	
LANGLEY, SIR WALTER L.F.G.	Q56808136
LANGRIDGE, RICHARD J.	Q56808137
LANKFORD, GRAHAM	
LAPSLEY, ANGUS C.W.	
LARCOM, ARTHUR	
LARKINS, LAURENCE B.S.	
LARMOUR, SIR EDWARD N. (NICK)	
LASCELLES, SIR DANIEL W.	
LASCELLES, Rt. Hon. SIR FRANK C.	
LASKEY, SIR DENIS S.	Q15637697
LATTA, NICHOLAS K.	
LAURENCE, SIR PETER H.	
LAVER, PATRICK M.	
LAVER, WILLIAM S.	
LAVERS, RICHARD D.	
LAW, SIR W. ALGERNON	
LAWFORD, VALENTINE G.	Q40701732
LAWRENCE, CHRISTIAN W.	
LAWRENCE, CLAIRE	Q56808134
LAXTON, ROWAN J.	
LAYARD, Rt. Hon. Sir A. HENRY	
LAYARD, RAYMOND DE B. M.	
LAYDEN, ANTHONY M.	
LEACH, KATHERINE J.	
LEADBITTER, JASPER M.	
LEAHY, SIR JOHN H.G.	
LEAKE, NICHOLAS H.	
LEAY, FREDERICK P.	
LE BRETON, DAVID F.B.	Q56808133
LE BRETON, PAUL J.W.	
LECHE, SIR JOHN H.	
LEDGER, CLAUDE K.	
LEDWARD, RICHARD T.D.	
LEDWIDGE, SIR W. BERNARD J.	
LEE, CECIL G.A.	
LEE, GEORGE R.	
LEECH, SIR STEPHEN	
LEELAND, JOHN R.	
LEEPER, A.W. ALLEN	Q1338731
LEEPER, SIR REGINALD W.A.	Q7308786
LEISHMAN, FREDERICK J.	
le JEUNE D’ALLEGEERSHECQUE, SUSAN J.	Q22582415
LELLO, W.B. (BARRY)	
LENOX-CONYNGHAM, GEORGE W.	
LE QUESNE, SIR C. MARTIN	Q16016197
LE ROUGETEL, SIR JOHN H.	Q18109092
LESLIE, DAME A. MARIOT	
LESLIE, EDWARD H.J.	
L’ESTRANGE, LAURENCE P.F.	
LE TOCQ, ERIC G.	
LETTSOM, WILLIAM G.	
LEVER, GILES	
LEVER, SIR PAUL	Q16873052
LEVER, SIMON J.	
LEVESON-GOWER, ARTHUR F.G.	
LEVI, ANDREW P.R.	
LEWEN, JOHN H.	
LEWINGTON, RICHARD G.	
LEWIS, ANN W.	
LEWIS, ERNEST G. (TOBY)	
LEWIS, IAN R.	
LEWIS, TREVOR J.	
LEWTY, D.IAN	
LIDDELL, Rt. Hon. HELEN L.	Q334128
LIDDLE, AIDAN	
LIESCHING, SIR PERCIVALE	
LIFE, VIVIEN F.	
LILLIE, STEPHEN	Q1378549
LINCOLN, SIR ANTHONY H.	
LINDLEY, Rt. Hon. SIR FRANCIS O.	
LINDSAY, IAIN F.	
LINDSAY, RICHARD F.	
LINDSAY, Rt. Hon. SIR RONALD C.	
LING, JEFFREY	
LING, NORMAN A.	
LINGEMAN, ERIC R.	
LINGHAM, Brigadier JOHN	
LINK, JOAN I.	
LINTON, ALAN H.S.	
LINTOTT, SIR HENRY	
LISTER, Hon. SIR REGINALD	
LISTER, SIR T. VILLIERS	
LISTON, Rt. Hon. SIR ROBERT	
LITTLE, JOHN E.R.	
LITTLEJOHN COOK, GEORGE S.	
LIVESEY, TIMOTHY P.N.	
LIVINGSTON, HENRY B.	
LLEWELLYN, Rt. Hon. LORD OF STEEP	
LLEWELLYN-JONES, BENEDICT	
LLEWELLYN SMITH, SIR MICHAEL J.	
LLOYD, ANDREW	
LLOYD, DAVID A.	
LLOYD, JOHN A.	
LLOYD, JOHN O.	
LLOYD THOMAS, HUGH	
LOCKER, J.W.D.	
LOCKHART, STEPHEN A.	Q56808131
LOCKTON, GUY P.	
LOCOCK, SIDNEY	
LODGE, MATTHEW J.	Q56808130
LOFTUS, Rt. Hon. LORD AUGUSTUS W.F.S.	Q2871723
LOGAN, SIR DAVID B.C.	
LOGAN, SIR DONALD A.	Q16018503
LOGIE, DONALD M.	
LOMAS, ERNEST G.	
LOMAS, JOANNE	
LOMAX, SIR JOHN G.	
LONDON, HUGH S.	
LONDONDERRY, Lieutenant-General Rt. Hon. CHARLES, 3rd MARQUESS OF	
LONG, ALASTAIR D.	
LONG, CHRISTOPHER W.	
LONGBOTTOM, JULIA M.	
LONGDEN, MARTIN	
LONGHURST, WILLIAM J.	
LONGRIGG, ANTHONY J.	
LONGWORTH, JOHN A.	
LONGWORTH, PETER	
LONSDALE, CHARLES J.	Q5080332
LOPEZ, DANIEL	
LORAINE, Rt. Hon. SIR PERCY L., Bt.	Q2070271
LOTEN, GRAEME N.	
LOTHIAN, Rt. Hon. PHILIP, 11th MARQUESS OF	
LOW, BRIAN B.	
LOW, NICHOLAS D.	
LOWDON, JOHN	
LOWE, JOHN E.C.	
LOWEN, BARRY R.	
LOWEN, SHARON	
LOWTHER, Rt. Hon. SIR GERARD A., Bt.	
LOWTHER, SIR H. CROFTON	Q5725110
LOWTHER, Hon. WILLIAM	
LUCAS, Hon. IVOR T.M.	
LUCE, SIR WILLIAM H.T.	
LUKE, ROBERT H.V.	Q56808126
LUMLEY, Rt. Hon. SIR JOHN	
LUSH, CHRISTOPHER D.	
LYALL, WILLIAM C.	
LYALL GRANT, SIR MARK J.	Q4253165
LYNCH, PAUL F.	
LYNE, KEVIN D.	
LYNE, RICHARD J.	Q56808124
LYNE, SIR RODERIC M.J.	
LYONS, Admiral SIR EDMUND	
LYONS, RICHARD, 1st VISCOUNT	Q1509753
LYSCOM, DAVID E.	
LYSTER-BINNS, BENJAMIN (BEN) E.N.	
LYTHGO, WILBUR R.	
MABY, A. CEDRIC	Q28482008
MACADIE, JEREMY J.	
MACAIRE, ROBERT N.P.	Q1563639
MACAN, THOMAS T.	
MACANN, Major ARTHUR E.H.	
MacDERMOT, SIR DERMOT F.	Q4275621
MACDERMOTT, ALASDAIR T.	
MACDONALD, Rt. Hon. Sir CLAUDE M.	Q1096957
MACDONALD, JOHN G.	
MACDONALD, JOHN W.	
MACDONALD, Rt. Hon. MALCOLM J.	
MACDONELL, E. ERROL N.	
MACDONELL, Rt. Hon. SIR HUGH G.	
MACE, ANDREW S.	
MACFARLANE, DONALD	
MACGLASHAN, MAUREEN E.	
MACGREGOR, EDWARD I.R.	
MACGREGOR, JOHN M.	
MACGREGOR, DAME JUDITH A.	
MACHTIG, SIR ERIC G.	Q18917550
MACINTOSH, SARAH	Q27907755
MACK, SIR W. HENRY B.	Q56808575
MACKENZIE, ARCHIBALD R.K.	
MACKENZIE, IAN C.	
MACKENZIE, JAMES Y.	
MACKENZIE, KENNETH E.	
MACKENZIE JOHNSTON, HENRY B.	
MACKERETH, SIR GILBERT	Q249318
MACKIE, SIR HORATIO G.A.	
MACKILLIGIN, DAVID P.R.	
MACKILLOP, DOUGLAS	Q5301767
MACKINTOSH, SIR ANGUS M.	
MACLAREN, DONALD, THE MACLAREN OF	
MACKLEY, IAN W.	Q5982159
MACKNESS, WILLIAM R.	
MACLEAN, DONALD D.	
MACLEAY, SIR J.W. RONALD	Q7365087
MACLEHOSE, SIR CRAWFORD M.	
MACLENNAN, DAVID R.	
MACLENNAN, SIR IAN M.R.	
MACLEOD, DONALD A.	
MACLEOD, SIR IAIN	
MACLEOD, SIR JAMES M.	
MACLEOD, SIAN C.	Q1275025
MACMILLAN, ALISON	Q23461785
MACONACHIE, SIR RICHARD R.	
MACRAE, SIR A. CHRISTOPHER D.S.	
MACRAE, HERBERT A.	
MACRAE, JOHN E.C.	
MACRAE, RUSSELL D.	
MADDEN, SIR DAVID C.A.M.	
MADDEN, PAUL D.	Q7152144
MADDICOTT, D. SYDNEY	
MADDOCKS, ARTHUR F.	
MAGENIS, SIR ARTHUR C.	
MAGOWAN, SIR JOHN H.	Q6237349
MAITLAND, ALASTAIR G.	Q4708744
MAITLAND, SIR DONALD J.D.	Q5294800
MAJOR, ALFRED G.	
MAJOR, PAMELA A.	
MAKEPEACE, RICHARD E.	
MAKINS, SIR ROGER M.	Q4275732
MALCOLM, ANGUS C.E.	
MALCOLM, DUGALD	Q5312461
MALCOLM, JAMES I.	
MALCOLMSON, THOMAS H.	
MALE, PETER J.E.	
MALET, SIR ALEXANDER, Bt.	
MALET, Rt. Hon. SIR EDWARD B., Bt.	Q1292927
MALIK, MOAZZAM	Q51685935
MALINS, ANNABELLE	
MALKIN, SIR H. WILLIAM	
MALLABY, SIR CHRISTOPHER L.G.	Q4278028
MALLABY, SIR H. GEORGE C.	
MALLAM, Lieutenant-Colonel GEORGE L.	
MALLET, SIR CLAUDE C.	
MALLET, Rt. Hon. SIR LOUIS du P.	
MALLET, PHILIP L.V.	
MALLET, SIR VICTOR A. L.	Q1621641
MALLET, SIR W. IVO	Q13522499
MALONE, PHILIP	
MAN, MORGAN C.G.	
MANDEVILLE, JOHN H.	
MANI, PHILIP	
MANLEY, SIMON J.	Q16197096
MANLEY, WILLIAM C.	
MANNING, SIR DAVID G.	
MANSFIELD, Colonel SIR CHARLES E.	
MANSFIELD, SIR PHILIP R.A.	
MARCH, SIR DEREK M.	
MARCH, GEORGE E.	
MARCHANT, SIR HERBERT S.	Q15990159
MARETT, SIR ROBERT H.K.	
MARGETSON, SIR JOHN W.D.	Q6246718
MARJORIBANKS, SIR JAMES A.M.	Q6138920
MARLING, SIR CHARLES M.	
MARLOW, ARTHUR H.	
MARLOW, ROY G.	
MARNHAM, JOHN E.	
MARRIOTT, CYRIL H.A.	
MARRIOTT, JANE	
MARSCHALL JONES, TIMOTHY A.	
MARSDEN, DAME ROSALIND M.	
MARSDEN, WILLIAM	Q56808580
MARSH, DEREK R.	
MARSHALL, ARTHUR S.-M.	
MARSHALL, GEORGE W.	
MARSHALL, MARK A.	
MARSHALL, MARTIN J.	
MARSHALL, MICHAEL W.	
MARSHALL, NOEL H.	
MARSHALL, SIR PETER H.R.	
MARSHALL, PETER J.	
MARSHALL, R. JOHN	Q56808914
MARTEN, FRANCIS W.	
MARTIN, DOMINIC D.W.	
MARTIN, DOUGLAS G.	
MARTIN, FRANCIS (FRANK) J.	
MARTIN, SIR JOHN M.	
MARTIN, JOHN F.R.	
MARTIN, ROGER J.A.	
MARTIN, SIMON C.	
MARTIN, VICTOR C.	
MASEFIELD, J. THOROLD	
MASON, ALAN K.	
MASON, SIR FREDERICK C.	
MASON, SIR JOHN C.M.	
MASON, SIR PAUL	
MASON, R. HEATH	
MASON, ROBERT W.	
MASSEY, WILLIAM E.D.	
MASSINGHAM, JOHN D.	
MASTERMAN, SIR CHRISTOPHER H.	
MATHERS, PETER J.	
MATHEW, SIR GEORGE BUCKLEY	
MATHEWS, HARRIET	Q19661277
MATLOCK, THOMAS	
MATTHEWS, HORATIO K.	
MATTHEWS, MARK J.	
MAUD, Hon. SIR HUMPHREY J.H.	Q5941516
MAUD, SIR JOHN P.R.	
MAUGHAM, REGINALD C.F.	
MAXEY, PETER M.	Q17386349
MAXWELL, RICHARD P.	
MAX MULLER, SIR WILLIAM G.	
MAXSE, ERNEST G.B.	
MAY, JOHN O.	
MAYALL, SIR A. LEES	
MAYCOCK, SIR WILLOUGHBY R.G.	
MAYERS, NORMAN	
MAYHEW, MICHAEL J.E.	
MAYNARD, EDWIN G.F.	
MAYS, COLIN G.	
McADAM, DOUGLAS B.	
McALPINE, RONALD D.C.	
McBAIN, D. MALCOLM	
McCARTHY, ADOLF C.	
McCARTHY, DONAL J.	
McCARTHY, NICHOLAS M.	
McCLEARY, W. BOYD	
McCLELLAND, HUGH C.	
McCLUNEY, IAN	
McCONVILLE, MICHAEL A.	
McCORMICK, JOHN O.	
McCULLOCH, JAMES R.	
McDERMOT, BRIAN C.	
McDERMOTT, FRANK	
McDERMOTT, GEOFFREY L.	
McDERMOTT, PATRICK A.	
McDONALD, SIR SIMON G.	
McENTEE, PETER D.	
McFARLANE, DAVID A.	
McGHIE, JAMES I.	
McGINNIS, FRANCIS R.	
McGURK, COLIN T.	
McILROY, DAVID	
McILWHAM, FIONA M.J.	Q5451086
McINNES, KEITH G.	
McINNES, NICHOLAS	
McINTOSH, MIRIAM R.	
McKEARNEY, PHILIP C.	
McKEEVER, RONALD F.	
McKEN, DAWN	
McKENZIE, ALEXANDRA E.	
McKENZIE, ALISTAIR W.	
McKENZIE, JOHN	
McKENZIE SMITH, JUSTIN J.	
McLACHLAN, MALCOLM O.	
McLAREN, SIR ROBIN J.T.	Q536678
McLEAN, COLIN	
McLEAN, PHILIP A.	
McLOUGHLIN, MICHAEL J.	
McMAHON, ANTHONY G.	
McMANUS, JOHN A.	
McNEILL, Rt. Hon. SIR JOHN	
McPETRIE, SIR JAMES C.	
McPHAIL, ALASTAIR D.	Q4708752
McQUADE, HENRY	
McQUIGGAN, JOHN	
McQUILLAN, WILLIAM R.	
McVITTIE, WILFRID W.	Q40569420
MEADE, C.A. GERALD	
MEADE, SIR R. GEOFFREY A.	
MEADE, Hon. SIR ROBERT H.	
MEHMET, ALPER	
MEIKLEJOHN, DOMINIC F.	
MEIKLEREID, SIR E. WILLIAM	
MELBOURNE, SEAN	
MELHUISH, SIR M. RAMSAY	
MELLISH, JOSEPH C.	
MELLISH, RICHARD C.	
MELLON, SIR JAMES	
MELLOR, DERRICK	
MELROSE, DIANNA P.	Q178267
MELVILLE, Hon. CHARLES S.	
MELVILLE, SIR EUGENE	
MENNELL, PETER	
MERRICK, BENJAMIN	
MERRY, ANTHONY	Q4773087
MERRY, DAVID B.	
METCALF, MAURICE R.	
METCALFE, SIR H. AUBREY F.	
METCALFE, JULIAN R.	
MEYER, SIR CHRISTOPHER J.R.	Q5112867
MEYNELL, BENEDICT W.	
MICHAEL, ALAN R.	
MICHELL, GEORGE B.	
MICHELL, HARRY D.	
MICHELL, SIR ROBERT C.	
MIDDLETON, DONALD K.	
MIDDLETON, SIR GEORGE H.	Q1507617
MIDDLETON, LAWRENCE J.	Q16091535
MIDDLETON, ROBERT T.C.	
MIDGLEY, ERIC A.	
MIERS, SIR H. DAVID A.C.	Q17742094
MILBANKE, RALPH	
MILBANKE-HUSKISSON, SIR JOHN R., Bt.	
MILES, F. STEPHEN	
MILES, GEOFFREY	
MILES, JOHN E.A.	
MILES, R. OLIVER	Q13522500
MILL IRVING, DAVID J.	
MILLAR, ANDREW J.	
MILLARD, SIR GUY E.	Q15990173
MILLER, DAVID I.	
MILLETT, PETER J.	
MILLINGTON, ANTHONY N.R.	
MILLINGTON-DRAKE, SIR EUGEN J.H.V.	Q5406942
MILLS, SIR FRANK	
MILLSON, TONY	
MILTON, DEREK F.	
MINFORD, LESLIE M.	
MINGAY, F. RAY	
MINSHULL, HORACE	
MINTER, GRAHAM L.	
MINTO, Rt. Hon. GILBERT, 1st EARL OF	
MINTO, Rt. Hon. GILBERT, 2nd EARL OF	
MITCHELL, ANDREW J.	
MITCHELL INNES, ALFRED	
MITCHESON, JOHN M.L.	
MITCHINER, JOHN E.	
MOBERLY, SIR JOHN C.	Q11727950
MOBERLY, SIR PATRICK H.	
MOCHAN, CHARLES F.	
MOLYNEAUX, Hon. FRANCIS G.	
MOLYNEUX, J. ANTHONY	
MONEY, BRIAN W.	
MONSON, Rt. Hon. SIR EDMUND J., Bt.	
MONSON, SIR EDMUND St.J. D.J., Bt.	
MONSON, SIR W.B. LESLIE	Q18917665
MONTAGU-DOUGLAS-SCOTT, SIR DAVID J.	
MONTAGU-POLLOCK, SIR WILLIAM H.	Q8015740
MONTEAGLE OF BRANDON, THOMAS, 3rd LORD	
MONTEITH, WILLIAM N.	
MONTGOMERY, ALAN E.	
MONTGOMERY, SIR C. HUBERT	
MONTGOMERY, DAVID	
MONTGOMERY, SUSANNAH	
MOODY, PATRICK T.R.	
MOON, MICHAEL Y.	
MOON, SIR PETER J.S.	
MOON, RICHARD J.	Q56808005
MOORE, ANTONY R.	
MOORE, NIVEN	
MOORE, RICHARD P.	
MOORE, TREVOR C.	
MOOREHEAD, SUSANNA M.D.	
MORAN, DAVID J.	
MORAN, RICHARD, 2nd LORD	
MORETON, SIR JOHN O.	Q6249382
MOREY, ANTHONY B.N.	
MORGAN, ALASTAIR W.J.	Q24238878
MORGAN, ANTHONY H.	
MORGAN, HUGH T.	
MORGAN, JAMES	
MORGAN, JAMES C.	
MORGAN, SIR JOHN A.L.	
MORGAN, MICHAEL H.	
MORGAN, PATRICK	Q56808012
MORGAN, RICHARD de R.	
MORGAN, DAME SHAN E.	Q7487825
MORIER, DAVID R.	
MORIER, GREVILLE	
MORIER, JAMES J.	
MORIER, JOHN P.	
MORIER, Rt. Hon. SIR ROBERT B.D.	Q7347803
MORLAND, MARTIN R.	
MORLAND, SIR OSCAR C.	
MORLEY, SIR ALEXANDER F.	
MORLEY, DAVID J.	
MORRICE, PHILIP	
MORRIS, ANDREW J.	
MORRIS, DESMOND V.	
MORRIS, JILL	Q27919443
MORRIS, SIR KEITH E.H.	
MORRIS, RICHARD P.	
MORRIS, THOMAS J.	
MORRIS, TIMOTHY C.	
MORRIS, WALTER F.	
MORRIS, WARWICK	
MORRIS, WILLIAM A.	
MORRIS, SIR WILLIE	Q16010076
MORTIMER, HUGH R.	Q16136939
MORTON-SANER, ROBERT	
MOSS, SIR DAVID J.	
MOSS, KEITH C.	
MOUND, TREVOR E.J.	
MOUNSEY, AUGUSTUS H.	
MOUNSEY, SIR GEORGE A.	
MOYNIHAN, MARTIN J.	
MUIR, RICHARD J.S.	
MUIRHEAD, SIR DAVID F.	
MULLEE, PATRICK	
MULOCK, EDWARD H.	
MULVANY, THOMAS R.	
MUNRO, SIR ALAN G.	
MUNRO, COLIN A.	
MUNRO, ROBERT W.	
MUNTZ, THOMAS G.A.	
MURRAY, ANDREW R.	
MURRAY, Rt. Hon. SIR CHARLES A.	
MURRAY, CRAIG J.	
MURRAY, SIR DONALD F.	
MURRAY, SIR F. RALPH H.	Q7287894
MURRAY, IAIN R.	
MURRAY, JAMES	
MURRAY, SIR JAMES	
MURRAY, JAMES DALTON	
MURRAY, JOHN	
MURRAY, MICHAEL T.	
MURRAY, PETER	
MURRAY-HARVEY, Captain EDWARD	
MURRAY KEITH, Lieutenant-General Rt. Hon. SIR ROBERT	
MURTON, JOHN E.	Q56808116
MUSTARD, SIMON	
MUSTON, RAYMOND F.	
NAIRN, BRYCE J.M.	
NAPIER, Rt. Hon. FRANCIS, 10th LORD NAPIER AND 1st LORD ETTRICK	
NAPIER, Hon. WILLIAM J.G.	
NASH, RONALD P.	
NASH, STEPHEN T.	Q7610080
NASON, JUSTIN P.P.	
NEAL, LEWIS	
NEALE, EDWARD ST. J.	
NEALE, KENNETH J.	
NEILSON, RICHARD A.	
NELSON, BERTRAM J.	
NELSON, ERIC V.	
NESSLING, PAUL W.D.	
NETTLETON, CATHERINE E.	Q1050961
NEVILLE-JONES, DAME L. PAULINE	
NEVILLE-ROLFE, EUSTACE	
NEVIN, MICHAEL P.	
NEWALL, PETER	
NEWINGTON, SIR MICHAEL J.	
NEWMAN, PETER J.	
NEWMAN, RONALD W.	
NEWSAM, RICHARD W.	
NEWTON, SIR BASIL C.	
NEWTON, PETER M.	
NIBLOCK, HENRY (PAT)	
NICHOLAS, SIR JOHN W.	
NICHOLS, JOHN R.	
NICHOLLS, SIR JOHN W.	
NICHOLS, SIR PHILP B.B.	
NICOLINI, ERNEST C.A.	
NICOLOPULO, E. PAUL	
NICOLSON, Rt. Hon. SIR ARTHUR, Bt.	
NICOLSON, Hon. SIR HAROLD G.	Q332956
NITHAVRIANAKIS, MICHAEL	
NIXON, PATRICK M.	
NOAKES, JONATHAN A.	
NOAKES, PHILIP R.	
NOBLE, SIR ANDREW, Bt.	
NOBLE, ANDREW J.	
NOEL-HILL, Rt. Hon. WILLIAM	
NORMAN, DUNCAN C.	
NORMAN, HERMAN C.	
NORMANBY, Rt. Hon. CONSTANTINE, 1st MARQUESS OF	
NORRIS, SIR ERIC G.	
NORTHERN, RICHARD J.	Q17198405
NORTON, SIR CLIFFORD J.	
NORTON, FLETCHER C.C.C.	
NOSS, JOHN B.	
NOSWORTHY, SIR RICHARD L.	
NUGENT, SIR HORACE D.	
NUTTALL, A. ROGER	
NYE, Lieutenant-General SIR ARCHIBALD E.	
OAKDEN, EDWARD A.	Q28115282
OAKELEY, SIR CHARLES, Bt.	
OAKES, SIR AUGUSTUS H.	
OAKESHOTT, KEITH R.	
O’BEIRNE, HUGH	
O’BRIEN, HENRY	
O’BRIEN, TERENCE J.	
O’CONOR, Rt. Hon. Sir NICHOLAS R.	
O’CONNELL, RUAIRI	
O’CONNOR, CHRISTOPHER P.	
O’DONOGHUE, JOHN K.	
O’FLAHERTY, KENNETH	
OGDEN, SIR ALWYNE G.N.	
OGDEN, FRANK C.	
OGILVIE FORBES, SIR GEORGE A.D.	Q23062359
O’KEEFE, P. LAURENCE	
OLDHAM, ALAN T.	
O’LEARY, DANIEL F.	
O’LEARY, TERENCE D.	
OLIPHANT, SIR LANCELOT	
OLIPHANT, LAURENCE	
OLIVER, FRANCIS A.	
OLIVER, KAYE W.	
OLIVER, PETER R.	
OLIVER, Lieutenant-General SIR WILLIAM P.	
OLLEY, J. BRIAN	
OLVER, SIR STEPHEN J.L.	Q7610146
O’MALLEY, SIR OWEN St.C.	
O’NEILL, Hon. SIR CON D.W.	
O’NEILL, MICHAEL A.	
O’NEILL, ROBERT J.	
OOM, ADOLPHUS K.	
OPPENHEIMER, SIR CHARLES	
OPPENHEIMER, SIR FRANCIS C.	Q19325678
ORCHARD, ARTHUR F.	
ORCHARD, EDWARD E.	
ORD-SMITH, ROBIN J.	Q18098710
ORDE, SIR CHARLES W.	
O’REILLY, WILLIAM E.	
ORME, FREDERIC C.	
ORMEROD, RICHARD C.	
ORR, IAIN C.	
OSBORNE, CHRISTOPHER W.	
OSBORNE, DAVID A.	
OSBORNE, DENIS G.	
OSBORNE, ROY P.	
O’SULLIVAN-BE ARE, DANIEL R.	
OTWAY, LOFTUS C.	
OUSELEY, SIR GORE, Bt.	Q507564
OUSELEY, SIR WILLIAM G.	
OVENS, ALEXANDER R.	
OVERTON, SIR HUGH T.A.	
OVEY, SIR ESMOND	Q1367944
OWEN, JANE C.	Q46396642
OWEN, JOHN WYNNE.	
OWEN, KARA J.	
OXLEY, HUMPHREY L.M.	
PACK, ARTHUR J.	
PAGE, ANDREW J.W.	Q4758193
PAGET, Rt. Hon. SIR ARTHUR	
PAGET, Rt. Hon. SIR AUGUSTUS B.	
PAGET, Rt. Hon. SIR RALPH S.	Q7287939
PAINTING, JULIA	
PAKENHAM, Hon. SIR FRANCIS J.	Q16031265
PAKENHAM, HENRY D.V.	
PAKENHAM, Hon. SIR MICHAEL A	Q6833339
PAKENHAM, Rt. Hon. SIR RICHARD	Q3431093
PALAIRET, C. SIR MICHAEL	Q4342446
PALGRAVE, WILLIAM GIFFORD	Q1859470
PALLETT, LESLEY	
PALLISER, Rt. Hon. SIR A., MICHAEL	Q6833348
PALMER, ANDREW E.	
PALMER, SIDNEY H.	
PAPADOPOULOS, ACHILLES S.	
PARES, PETER	
PARHAM, PHILIP J.	Q18753676
PARISH, SIR WOODBINE	Q8032383
PARKER, ALWYN	
PARKER, JAMES R.W.	
PARKER, LYN	
PARKES, SIR HARRY S.	
PARKES, Sir RODERICK W.	Q7356664
PARKINSON, SIR A.C. COSMO	
PARKINSON, HOWARD	
PARR, RAYMOND C.	
PARR, SIR ROBERT	
PARROTT, SIR CECIL C.	Q302862
PARSONS, SIR ANTHONY D.	Q544377
PARSONS, Major-General SIR ARTHUR E.B.	
PARSONS, SIR RICHARD E.C.F.	
PARTRIDGE, DEREK W.	
PASKE-SMITH, MONTAGU B.T.	
PASSANT, ERNEST J. 	
PATERSON, SIR A. SWINTON	
PATERSON, FIONA	
PATERSON, JAMES R.	
PATERSON, WILLIAM J.M.	
PATERSON, W. NEIL C.	
PATEY, SIR WILLIAM C.	
PATON, GEORGE P.	
PATRICK, ANDREW S.	
PATRICK, SIR PAUL J.	
PATRON, FRANCIS J.	
PATTERSON, ERIC	
PATTISON, STEPHEN D.	
PATTON, GEOFFREY J.L.	
PAUL, ALAN R.	
PAUNCEFOTE, Rt. Hon. SIR JULIAN	Q6037424
PAXMAN, T. GILES	Q5561698
PAYNE, ALAN J.	
PAYNE, ARTHUR S.	
PEAKE, SIR CHARLES B.P.	Q17986386
PEARCE, ANDREW J.	
PEARCE, DAVID	
PEARCE, HOWARD J.S.	Q1056021
PEAREY, DAVID D.	Q3560835
PEARSON, DAVID M.	
PEARSON, GERALD L.	
PEART, MICHAEL J.	
PEASE, ROBERT J.C.	
PEASE, SIMON R.H.	
PECK, SIR EDWARD H.	
PECK, SIR JOHN H.	
PEEL, SIR ARTHUR R.	Q4799942
PEEL, Rt. Hon. SIR ROBERT, Bt.	
PEEL, RONALD G.	
PEIRCE, ROBERT N.	
PELHAM, SIR G. CLINTON	
PELLEW, MARK E.	Q6769207
PELLY, CORNELIUS J.	
PELLY, FRANCIS J.	
PEMBERTON-PIGOTT, A. DESMOND F.	
PENFOLD, PETER A.	Q7176344
PENNELL, JOHN CROKER	
PENNEY, JOHN A.	
PENNOCK, B.A.F.	
PERCEVAL, CHARLES A.S.	
PERCEVAL, MICHAEL	
PERCY, Hon. ALGERNON	
PERKINS, ALAN H.B.	
PERKINS, JACQUELINE L.	
PEROWNE, SIR J. VICTOR T.W.T.	Q7926237
PERROTT, JOHN G.	
PESTELL, CATHERINE E.	
PETERS, THEOPHILUS	
PETERS, WILLIAM	
PETERSEN, SIR JEFFREY C.	
PETERSON, SIR MAURICE D.	Q4360279
PETRE, SIR GEORGE GLYNN	Q16031271
PETRIE, SIR PETER C., Bt.	
PHELAN, MARTIN	
PHILIP, JOHN C.	
PHILLIPS, DOUGLAS H.C.	
PHILLIPS, SIR HERBERT	
PHILLIPS, SIR HORACE	Q4484231
PHILLIPS, JOHN F.S.	
PHILLIPS, PATRICIA R.	
PHILLIPS, SIR TOM R.V.	
PHILLIPSON, ANTONY J.	Q16213698
PHILPOTT, HUGH S.	
PHIPPS, SIR E. CONSTANTINE H.	
PHIPPS, Rt. Hon. SIR ERIC C.E.	Q831031
PICKARD, SIR CYRIL S	
PICKARD, NICHOLAS	
PICKERING, HELEN M.	
PICKERSGILL, W. CLAYTON	
PIERCE, KAREN E.	Q6369958
PIERREPONT, Rt. Hon. HENRY M.	
PIGOTT, CARSTEN O.	
PIKE, SIR MICHAEL E.	
PILCHER, SIR JOHN A.	Q1699174
PILMORE-BEDFORD, JEREMY	
PINK, SIR IVOR T.M.	
PINSENT, ROGER P.	
PIPER, REUBEN W.	
PIRNIE, GRAHAM J.C.	
PLATER, STEPHEN J.	
PLAYFAIR, Lieutenant-Colonel SIR ROBERT L.	Q3435647
PLUMBLY, SIR DEREK J.	Q4364360
PLUNKETT, Rt. Hon. SIR FRANCIS R.	
POCOCK, SIR ANDREW J.	Q4758287
POLAK, CORNELIA J.	
PONSONBY, ARTHUR G.	
PONSONBY, JOHN, 1st VISCOUNT	
PONSONBY, MYLES W.	
PONSONBY-FANE, Hon. SIR SPENCER C.B.	Q7576160
POPPLEWELL, PATRICK J.L.	
PORTAL, SIR GERALD H.	Q1509990
PORTER, IVOR F.	Q6099479
PORTER, THOMAS P.	
PORTMAN, GILES M.	
POSNETT, SIR RICHARD N.	
POSTON, JAMES	
POTT, SIR LESLIE	
POTTER, DAMION A.	
POTTER, RUPERT J.	
POVER, ALAN J.	
POWELL, SIR CHARLES D.	
POWELL, DAVID H.	
POWELL, Hon. HUGH E.	
POWELL, IAN F.	
POWELL, RICHARD S.	
POWELL, WILFRED	
POWELL-JONES, JOHN E.	
PRENDERGAST, SIR W. KIERAN	Q3196460
PRENTICE, CHRISTOPHER N.R.	Q5113089
PRESTON, MYLES P.	
PRICE, ALLEN	
PRICE, SIR C. ROY	
PRICE, JOHN L.W.	
PRICE, MICHAEL A.	
PRICE, SARAH H.	
PRICE, W.F. BARRY	
PRIDHAM, BRIAN R.	
PRIDHAM, KENNETH R.C.	
PRIESTLEY, PHILIP J.	Q7184238
PRINGLE, DAME ANNE F.	
PRITCHARD, SIR NEIL	
PRODGER, DAVID W.	
PRUCE, DANIEL R.	
PUBLICOVER, RALPH M.	
PUGH, JOHN A.	
PULLAN, AYRTON J.S.	
PULLAR, HUBERT N.	
PULLEN, BRIAN P.	
PULLEN, RODERICK A.	
PUMPHREY, SIR J. LAURENCE	
PURCELL, R. MICHAEL	
PURVES, JAMES G.	
PYKE, JOSEPH	
PYLE, NICHOLAS J.	
PYMAN, LANCELOT F.L.	
QUANTRILL, WILLIAM L.	Q55643465
QUARREY, DAVID	
QUAYLE, QUINTON M.	
QUINN, J. GREGORY	
RABINO, H. LOUIS	
RADICE, EDWARD A.	
RAE, W. INNES	
RAFTERY, PETER A.	
RAIKES, ARTHUR S.	
RAINES, CATHERINE	
RALPH, RICHARD P.	
RAMAGE, J. GRANVILLE W.	
RAMPLING, CHRISTOPHER M.	
RAMSAY, SIR ALLAN J.H.R.	
RAMSAY, Hon. SIR PATRICK W. MAULE	
RAMSBOTHAM, Hon. SIR PETER E.	Q2077718
RAMSDEN, SIR CARYL O.I., Bt.	
RAMSDEN, SIR JOHN C.J., Bt.,	
RANCE, EDWIN H.	
RANCE, GERALD F.	
RANDALL, SIR ALEC W.G.	
RANGARAJAN, F. VIJAY N.	
RANKIN, JOHN J.	
RANSOME, KATHERINE	
RAPP, SIR THOMAS C.	Q56798342
RATFORD, SIR DAVID J.E.	
RATTIGAN, W. FRANK A., C.M.G	
RAVEN, MARTIN C.	
RAVENSDALE, THOMAS C.	
RAWLINGS, MENNA F.	Q19875603
RAWLINS, EVELYN C. DONALDSON	
RAWLINS, HELEN C.	
RAWLINSON, C. JAMES	
RAWLINSON, Major-General SIR HENRY C., Bt.	
RAWLINSON, IVOR J.	
RAZAVI, REBECCA J.	
READER, DAVID G.	Q20647709
REDDAWAY, SIR DAVID N.	Q538116
REDDAWAY, G.F. NORMAN	Q7052728
REDDICLIFFE, PAUL	
REDPATH, ALEXANDER W.	
REDSHAW, TINA S.	
REED, ADRIAN H.	
REES, THOMAS I.	Q56797972
REEVE, SIR ANTHONY	
REEVE, JAMES E.	
REEVE, ROY S.	
REID, DOUGAL G.	
REID, GORDON B.	
REID, SIR H. MARTIN S.	Q56797970
REID, LESLIE	
REID, MALCOLM H.M.	
REID-ADAM, RANDLE	
REIDY, ANDREA	
REILLY, SIR D’A. PATRICK	
REILLY, JULIAN	
REILLY, MICHAEL D.	
REILLY, PATRICK	
REILLY, THOMAS S.A.	
REISS, JOHN H.	
REITH, MARTIN	
RENDALL, ARCHIBALD	
RENDEL, SIR GEORGE W.	Q5546343
RENNIE, SIR ERNEST A.	
RENNIE, SIR JOHN O.	
RENNIE, PAUL	
RENWICK, SIR ROBIN W.	Q1590531
REYNOLDS, COLIN	
REYNOLDS, FRANK A.	
REYNOLDS, MARTIN A.B.	
REYNTIENS, NICHOLAS S.	
RHODES, SIR PEREGRINE A.	Q18109148
RICE, JOHN G.	
RICH, JOHN R.	
RICHARD, Rt. Hon. IVOR S.	Q333309
RICHARDS, DENIS E.	Q56798073
RICHARDS, SIR F. BROOKS	Q2926176
RICHARDS, SIR FRANCIS N.	
RICHARDS, HERBERT A.	
RICHARDS, IAN	
RICHARDSON, HORACE V.	
RICHARDSON, SIR THOMAS L.	
RICHES, SIR DEREK M.H.	
RICHMOND, SIR DAVID F.	Q56798070
RICHMOND, SIR JOHN C.B.	
RICKERD, MARTIN J.K.	
RICKETTS, LORD	
RIDGWAY, DAVID F.C.	
RIDSDALE, SIR WILLIAM	
RIGNEY, HOWARD E.	
RISLEY, SIR JOHN S.	
RITCHIE, KENNETH G.	
ROB, JOHN V.	Q28746282
ROBB, MICHAEL A.M.	
ROBBINS, CHRISTOPHER W.	
ROBERTS, CHARLES S.	
ROBERTS, COLIN	
ROBERTS, SIR DAVID A.	
ROBERTS, DAVID G.	
ROBERTS, SIR FRANK K.	
ROBERTS, SIR IVOR A.	
ROBERTS, JAMES F.	
ROBERTS, MICHAEL J.W.	
ROBERTS, SIR NORMAN S.	Q56798053
ROBERTS, PATRICK J.	
ROBERTS, SIR WALTER St.C. H.	
ROBERTS-WRAY, SIR KENNETH O.	
ROBERTSON, ARCHIBALD W.	
ROBERTSON, CHARLES BOYD	
ROBERTSON, CORIN J.S.	
ROBERTSON, Rt. Hon. SIR MALCOLM ARNOLD.	Q6742592
ROBEY, D, JOHN B.	
ROBINSON, JOHN A.	
ROBINSON, JOSEPH	
ROBINSON, LAURENCE M.	
ROBINSON, MICHAEL J.	
ROBSON, E. CAROL	
ROBSON, SIR JOHN A.	
RODD, Rt. Hon. SIR J. RENNELL	Q334511
RODGERS, DAVID J.	Q56798045
RODGERS, GERALD F.	
ROGAN, JANET E.	
ROGERS, GILBERT L.	
ROGERS, HENRY A.	
ROGERS, SIR M. IVAN, K.C.M.G	
ROGERS, MARTIN H.G.	
ROGERS, THOMAS E.	
ROHSLER, CARON	
ROLLESTON, HENRY J.	
ROLLITT, PHILIP V.	
ROMEO, ANTONIA	
RONALD, SIR NIGEL B.	
RONALDS, ANDREW J.	Q56798042
ROOKE, JAMES S.	
ROPER, JOANNA	
ROPER, JOHN C.A.	Q56808434
ROPER, MARTYN K.	Q56808433
ROSE, ALISON J.	
ROSE, BRIAN	
ROSE, SIR CLIVE M.	
ROSE, DONALD H.G.	
ROSE, E. MICHAEL	
ROSE, Rt. Hon. SIR GEORGE H.	
ROSE, Rt. Hon. SIR HUGH H.	
ROSLING, PETER E.	
ROSS, ALEXANDER C.	
ROSS, SIR ARCHIBALD D.M.	
ROSS, ROBERT	
ROTHNIE, SIR ALAN K.	
ROTHWELL, MARGARET I.	
ROUS, MATTHEW J.	
ROUSE, SIR ANTHONY G.R.	
ROUSE, PHILIP T.	
ROUTH, AUGUSTUS C.	
ROWLAND, MATTHEW	
ROWLEY, SIR ARTHUR L.S.	
ROYCE, DAVID N.	
ROYDS, WILLIAM M.	
ROYLE, CATHERINE J.	
RUDD, KATHERINE	
RULE, FRANK G.	
RUMBOLD, Rt. Hon. SIR HORACE, Bt.	Q7527276
RUMBOLD, SIR H. ALGERNON F.	
RUMBOLD, SIR H. ANTHONY C. Bt.	
RUMBOLD, Rt. Hon. SIR HORACE G.M., Bt.	Q831742
RUNACRES, MARK A.	
RUNDALL, SIR FRANCIS B. A.	
RUSHFORD, ANTONY R.	
RUSSELL, LORD ARTHUR J.E.	Q6678929
RUSSELL, SIR CLAUD F.W.	
RUSSELL, Major-General LORD G. WILLIAM	
RUSSELL, GERARD S.J.	
RUSSELL, JAMES G.F.	
RUSSELL, SIR JOHN W.	
RUSSELL, Rt. Hon. LORD ODO W.L. RUSSELL	
RUSSELL, Hon. SIR ODO W.THEO V.	
RUSSELL, SIR R. MARK	
RYAN, SIR ANDREW	
RYCROFT, CHARLOTTE S.	
RYCROFT, MATTHEW J	
RYDER, MICHAEL	
SACKVILLE-WEST, Hon. SIR LIONEL S.	
SAGE, STEPHEN P.	
St. GEORGE, CHARLES M.	
ST. HELENS, Rt. Hon. ALLEYNE, 1st LORD	
ST. JOHN, SIR FREDERIC R.	
ST. JOHN, SIR SPENSER B.	
SAINTY, CHRISTOPHER J.	
SALT, DAME BARBARA	
SALVESEN, C. HUGH	
SAMBROOK, ADAM	
SAMPLES, REGINALD McCARTNEY	
SAMUEL, A.C. IAN	Q15619205
SAMUEL, RICHARD C.	
SANDERS, JOHN L.Y.	
SANDERSON, CHARLES D.	
SANDERSON, SIR PERCY	
SANDERSON, SIR THOMAS H.	
SANDFORD, WILLIAM G.	
SANDS, RICHARD M.	
SANKEY, JOHN A.	
SANSOM, SIR GEORGE B.	Q349345
SARELL, PHILIP C.	
SARELL, SIR RODERICK F.G.	
SARGEANT, FRANK C.D.	
SARGENT, SIR ORME G.	Q18811129
SATOW, Rt. Hon. Sir ERNEST M.	
SATOW, SIR HAROLD E.	
SAUNDERS, ALBERT E.	Q56798010
SAUNDERS, LIANE	
SAURIN, DUDLEY E.	
SAVERY, FRANK	
SAVILLE, JOHN D.W.	
SAWBRIDGE, HENRY R.	
SAWERS, SIR R.JOHN	Q2157733
SCADDAN, SIMON M.	
SCARBOROUGH, VERNON M.	
SCARLETT, Hon. PETER C.	Q7173167
SCARLETT, SIR PETER W.S.Y.	Q7177520
SCHROEDER, DOMINIC S.	Q36324615
SCOONES, Lieutenant-General SIR GEOFFRY A.P.	
SCOPES, SIR LEONARD A.	
SCOTT, SIR C. PETER	
SCOTT, Rt. Hon. SIR CHARLES STEWART	
SCOTT, SIR DAVID A.	
SCOTT, Hon. SIR ERNEST S.	
SCOTT, SIR IAN D.	
SCOTT, SIR KENNETH B.A.	
SCOTT, MALCOLM	
SCOTT, SIR MICHAEL	
SCOTT, SIR OSWALD A.	
SCOTT, PAUL H.	
SCOTT, SIR ROBERT H.	
SCOTT FOX, SIR R. DAVID J.	Q5239595
SCRAFTON, DOUGLAS	
SCRIVENER, SIR PATRICK S.	
SCRIVENER, RONALD S.	
SCULLARD, GEOFFREY L.	
SEATON, ANDREW J.	
SEAWARD, COLIN H.	
SEBASTIAN, ERROLL G.	
SECONDE, SIR REGINALD L.	Q7308863
SEDGWICK, RICHARD R.	
SEDWILL, SIR MARK P.	Q6769664
SEEDS, SIR WILLIAM	Q868351
SEGAR, CHRISTOPHER M.J.	
SELBY, RALPH W.	
SELBY, SIR WALFORD H.M.	Q4413438
SELKIRK, Rt. Hon. GEORGE, 10th EARL OF	
SELOUS, GERALD H.	
SELWYN, JOHN S.A.	
SETCHELL, HERBERT L.	
SEWELL, THOMAS R.M.	
SEYMOUR, Rt. Hon. SIR GEORGE H.	
SEYMOUR, SIR HORACE J.	
SEYMOUR, RICHARD S.	
SHAKESPEARE, JOHN W.R.	Q719706
SHANNON, GODFREY E. BOYD	
SHANNON, KEITH	
SHARKEY, COLUM J.	
SHARLAND, E. JOHN	
SHARMA, AJAY	
SHARMAN, THOMAS C.	
SHARP, JAMES L.	
SHARP, TERENCE W.	
SHARP, THOMAS	
SHARPE, WILLIAM	
SHARROCK, CHRISTOPHER	
SHATTOCK, JOHN S.H.	
SHAW, JOHN D.B.	
SHAW, THOMAS R.	
SHAWYER, ROBERT C.	
SHEARMAN, MARTIN J.	
SHEE, SIR GEORGE, Bt.	
SHEFFIELD, GEORGE	
SHEIL, Lieutenant-General SIR JUSTIN	
SHEIL, Rt. Hon. RICHARD L.	
SHEINWALD, SIR NIGEL E.	Q4522462
SHEPHERD, ARCHIE	
SHEPHERD, SIR E.H. GERALD	
SHEPHERD, SIR FRANCIS M.	Q1441729
SHEPHERD, HENRY B.	
SHEPHERD, SIR JOHN A.	
SHERCLIFF, SIMON	
SHERIDAN, RODERICK G.	
SHERWOOD, LESLIE R.	
SHOCKLEDGE, MARY	
SHOKAT, MOHAMMED	
SHONE, SIR TERENCE A.	
SHORT, ROGER G.	
SHORTER, HUGO B.	
SHUCKBURGH, SIR C.A. EVELYN	
SIDDIQ, IRFAN	
SIMEON, JOHN P.B.	
SIMMONDS, SIDNEY	
SIMMONS, GUY L.	
SIMMONS, TIMOTHY M.J.	Q7807518
SIMONS, A. MURRAY	
SIMPSON, GERALD G.	
SIMPSON, JOHN L.	
SIMPSON, KENNETH J.	
SIMPSON-ORLEBAR, SIR MICHAEL K.O.	
SINCLAIR, ALEXANDER R.	
SINCLAIR, SIR IAN M.	Q29843913
SINCLAIR, JONATHAN W.S.	Q18632134
SINCLAIR, WILLIAM H.M.	
SINDALL, ADRIAN J.	
SINDON, RONALD W.	
SINKINSON, PHILP A. 	
SINTON, WILLIAM B.	
SIZELAND, PAUL R.	
SKILTON, CHRISTOPHER P.	
SKINGLE, DIANA	
SKOLL, LINDSAY S.	
SLATCHER, WILLIAM K.	
SLATER, DUNCAN	
SLATER, GORDON J.A.	
SLATER, JUDITH M.	
SLATER, RICHARD M.K.	
SLINN, DAVID A.	Q5239860
SLOANE, IAN C.	
SMALL, DAVID P.	
SMALLBONES, ROBERT T.	Q23038256
SMALLMAN, BARRY G.	
SMALLMAN, DAVID L.	
SMALLWOOD, JOHN E.	
SMART, A.B. PETER	
SMART, TIMOTHY S.	
SMEDLEY, SIR HAROLD	Q15972580
SMEDLEY, R.R. GEORGE B.	
SMELE, WILLIAM G.S.	
SMITH, ANTHONY D.R.	
SMITH, ANTONY F.	
SMITH, BRIAN	
SMITH, CHARLES S.	
SMITH, CLAIRE H.	
SMITH, DAVID	
SMITH, ERIC N.	
SMITH, G. NEIL	
SMITH, SIR HOWARD F.T.	
SMITH, JOHN S.	
SMITH, JOSEPH	
SMITH, J. STEPHEN	
SMITH, KATHERINE (KATE) L.	
SMITH, L.B. (BARNEY)	
SMITH, PETER J.	
SMITH, ROLAND H.	
SMITH, SIMON J.M. 	
SMITH, TRAFFORD	
SMITH, WILLIAM J.	
SMITH, WILLIAM K.	
SMITH-LAITTAN, JAMES	
SMITHERMAN, FRANK	
SNELL, ARTHUR G.	Q31326221
SNELLGROVE, J. ANTHONY	
SNELLING, SIR ARTHUR W.	
SNIDERS, EDWARD	
SNODGRASS, JOHN M.O.	
SNOW, THOMAS M.	
SNOXELL, DAVID R.	
SOAMES, Rt. Hon. SIR A. CHRISTOPHER J.	Q336050
SOLESBY, TESSA A. H.	
SOMERS COCKS, JOHN S.	
SOMERS COCKS, PHILIP	
SOMERSET, Field-Marshal Rt. Hon. LORD FITZROY J.H.	
SOPER, ANDREW K.	
SOUTAR, S. IAN	
SOUTHERN, HENRY	
SPARKES, ANDREW J.	Q15990292
SPARROW, BRYAN	
SPEAIGHT, RICHARD L. 	
SPEARES, DENIS J.	
SPEARMAN, CLEMENT	
SPELLER, PAUL A.	
SPELLER, SUSAN	
SPENCER, BRIAN	
SPENCER, LORD E. HENRY J.	
SPENCER, DAME ROSEMARY J.	
SPENDLOVE, PETER R.	
SPERLING, SIR ROWLAND A.C.	
SPEYER, EDUARD BEIT von	
SPICELEY, PETER J.	
SPICER, GERALD SYDNEY	
SPIRE, ALBERT H.	
SPRAGUE, DAVID K.	
SPRAKE, ANTHONY D.	
SPRECKLEY, SIR J. NICHOLAS T., K.CV.O.	
SPRING RICE, Rt. Hon. SIR CECIL A.	
SPRING RICE, Hon. C. W. THOMAS	
SQUIRE, C. WILLIAM	
SQUIRE, SIR GILES F.	Q5561656
SQUIRE, SARA (SARAH) L.	
SQUIRES, GEORGE T.	
STACPOOLE, JOHN W.	
STAFFORD, JOHN	
STAGG, SIR C. RICHARD V.	
STAINES, DONALD V.	
Hon. HENRY E. J. STANLEY	
STANLEY, HENRY S.H.C.	
STANLEY, SIR HERBERT J.	
STANSFIELD, GEORGE N.	
STANTON, GENERAL SIR EDWARD	Q5345420
STANTON, LOUISE J.	Q16201391
STAPLES, H.A. JUSTIN	
STAPLETON, AUGUSTUS G.	
STARK, SIR ANDREW A.S.	
STATHAM, SIR NORMAN	
STAUNTON, ANDREW J.	
STAVELEY, THOMAS	
STAVELEY, THOMAS G.	
STEEL, SIR CHRISTOPHER E.	
STEGGLE, TERENCE H.	
STEPHEN, SIR ALEXANDER CONDIE	Q4718625
STEPHENS, PETER S.	
STEPHENSON, SIR HUGH S.	
STEPHENSON, SIR JOHN E.	
STEPHENSON, STANLEY	
STEPTOE, HARRY N.	
STERNDALE BENNETT, SIR JOHN C.	
STEVENS, MARK	
STEVENS, SIR ROGER B.	Q2161604
STEVENSON, RALPH C.	
STEVENSON, SIR RALPH C.S.	
STEW, TIMOTHY D.	
STEWARD, NIGEL O.W.	
STEWART, A. CHARLES	
STEWART, BRIAN E.	
STEWART, C. COSMO B.	
STEWART, SIR DUGALD L.L.	Q56808670
STEWART, JOHN A.B.	
STEWART, SIR MICHAEL N.F.	
STEWART, WALTER A.	
STIMSON, ROBERT F.	
STIRLING, SIR ALEXANDER J.D.	Q18685900
STIRLING, SIR CHARLES N.	
STITT, T. CLIVE S.	
STOBART, PATRICK D.	
STOCKLEY, GERALD E.	
STODDART, ANNE E.	
STOKES, ANTONY	
STONE, RIVERSDALE G.	
STONEHEWER BIRD, SIR HUGH	
STORAR, LEONORE E.T.	
STOREY, WILLIAM N.	
STOUT, SAMUEL C.	
STRACHAN, ALEXANDER W.B.	
STRACHAN, Major BENJAMIN L.	
STRACHEY, GEORGE	
STRANG, SIR WILLIAM	
STRANGFORD, Rt. Hon. PERCY, 6th VISCOUNT	
STRATFORD DE REDCLIFFE, Rt. Hon. 1st VISCOUNT	
STRATON, ALEXANDER	
STRATTON, SIR RICHARD J.	Q56797922
STREAMS, PETER J.	
STREET, JOHN E.D.	
STREETON, SIR TERENCE G.	Q42537513
STRONG, JOHN C.	
STRONGE, SIR FRANCIS W.	Q1441787
STUART, ANDREW C.	
STUART, Rt. Hon. SIR CHARLES	
STUART, CHRISTOPHER C.	
STUART, Major ROBERT	
STUART, Hon. SIR WILLIAM	
STUBBS, THOMAS	
STYLES, GRAHAM	
SULIVAN, STEPHEN H.	
SULLIVAN, BERNARD P.	
SULLIVAN, MICHAEL F.	
SULLIVAN, PATRICK J.	
SULLIVAN, SIR WILLIAM J.	
SUMMERHAYES, SIR CHRISTOPHER H.	
SUMMERHAYES, DAVID M.	
SUMMERSCALE, SIR JOHN P.	
SUMMERSCALE, PETER W.	
SUTHERLAND, SIR IAIN J.M.	
SUTHERLAND, JULIA M.L.	
SUTHERLAND, DAME VERONICA E.	Q7922452
SWAN, DERMOT J.	
SWAN, HAROLD C.	
SWANN, ROBERT S.	
SYDENHAM, THOMAS	
SYERS, SIR CECIL G.L.	
SYKES, BONAR H.C.	
SYKES, EDWIN L.	
SYKES, SIR RICHARD A.	
SYKES, ROGER M.S.	
SYMON, SIR ALEXANDER C.B.	
SYNGE, WILLIAM N.F.	
SYNNOTT, SIR HILARY N.H.	
TAHOURDIN, JOHN G.	
TAIT, HUGH N.	
TAIT, MICHAEL L.	
TALBOT, Hon. JAMES	
TALBOT DE MALAHIDE, MILO J.R., 7th LORD	
TALLBOYS, RICHARD G.	
TANDY, SIR ARTHUR H.	
TANFIELD, AMANDA S.	
TANSLEY, A. JAMES N.	
TARLING, DEREK E.	
TATHAM, DAVID E.	Q20240930
TATHAM, MICHAEL H.	
TAUWHARE, RICHARD D.	
TAYLOR, Rt. Hon. SIR BROOK	
TAYLOR, DUNCAN J.R.	
TAYLOR, JOHN G.	
TAYLOR, SIR JOHN (JOCK) L.	
TAYLOR, SIR JOHN W.	
TAYLOR, LEON E.M.	
TEBBIT, SIR DONALD C.	Q4453606
TEBBIT, SIR KEVIN R.	
TEMPLE, Hon. SIR WILLIAM	
TENNANT, SIR PETER F.D.	
TENTERDEN, CHARLES, 3rd LORD	Q5074937
TESH, ROBERT M.	
TESORIERE, HARCOURT A.P.	
TETT, A.L. (HOLLY)	
THELWALL, JOHN F.W.	
THESIGER, Hon. WILFRED G.	Q15971370
THOM, KENNETH C.	
THOMAS, A. RICHARD	
THOMAS, DAVID C.	
THOMAS, D. ROGER	
THOMAS, SIR DEREK M.D.	
THOMAS, JEFFREY	
THOMAS, JENKIN	
THOMAS, SIR JEREMY C.	Q56808687
THOMAS, SIR PHILIP L.	
THOMAS, RICHARD	
THOMAS, ROSEMARY	
THOMAS, SIMON D.	
THOMPSON, CHARLES A.	
THOMPSON, SIR GEOFFREY H.	
THOMPSON, JAN	
THOMPSON, JOHN	
THOMSON, SIR ADAM M.	
THOMSON, DICK	
THOMSON, JAMES	
THOMSON, SIR JOHN A.	
THOMSON, PETER A.B.	
THOMSON, SIR RONALD F.	
THOMSON, SIR WILLIAM T.	
THORNE, BENJAMIN	
THORNE, NICHOLAS A.	
THORNTON, CHARLES CONWAY	
THORNTON, C. GRACE	
THORNTON, Rt. Hon. SIR EDWARD	
THORNTON, Rt. Hon. SIR EDWARD	
THORNTON, EDWARD	
THORNTON, JAMES S.	
THORP, JEREMY W.	Q1239154
THORPE, ADRIAN C.	Q21063443
THORPE, ALISON	
THORPE, NIGEL J.	
THURSTAN, EDWARD W.P.	
THWAITES, JOHN A.	
TIBBER, PETER H.	
TICKELL, SIR CRISPIN C.C.	Q869740
TIERNEY, GEORGE	
TIFFIN, SARAH	
TILLEY, Rt. Hon. Sir JOHN A.C.	
TITCHENER, ALAN R.	
TITCHENER, J. LANHAM B.	
TODD, D. RODERIC (RIC)	
TOLLINTON, RICHARD B. BOYD	
TOM, HENRY	
TOMKINS, SIR EDWARD E.	Q5345632
TOMKYS, SIR W. ROGER	Q7359012
TOMLINSON, SIR F. STANLEY	
TONGE, SIMON D.	
TONKIN, DEREK	
TORLOT, TIMOTHY A.	Q16189547
TORRY, SIR PETER J.	Q1475094
TORY, SIR GEOFROY W.	
TOTTENHAM SMITH, RALPH H.	
TOWER, SIR REGINALD T.	
TOWNEND, WARREN D.	
TOWNLEY, SIR WALTER B.	
TRANT, JOHN P.	
TREADELL, VICTORIA M.	Q152031
TREADWELL, C. JAMES	
TRENCH, SIR NIGEL C.C.	Q1989611
TRENCH, Hon. POWER H. LE POER	
TREVELYAN, SIR HUMPHREY	Q472936
TREW, FRANCIS S.E.	
TRIPP, J. PETER	
TROTT, ALAN C.	
TROTT, CHRISTOPHER J.	
TROTTER, Lieutenant-Colonel SIR HENRY	
TROUT, T. JOHN	
TROUTBECK, SIR JOHN M.	
TUCKER, ANDREW V.G.	
TUCKER, HERBERT H.	
TUCKNOTT, JOHN A.	Q15972599
TUFTON, Hon. CHARLES H.	
TULL, THOMAS S.	Q56795494
TUNNELL, HUGH J.O.R.	
TURNER, ANDREW W.	
TURNER, CHRISTIAN P.H.	
TURNER, PATRICK	
TURNER, RICHARD M.A.E.	
TURNER, R. LEIGH	
TURNER, STEPHEN E.	
TURNER, WILFRED	Q20054114
TURNER, WILLIAM	
TURPIN, JAMES A.	
TUSON, ALAN A.L.	
TWIGG, MARK P.	
TWIST, HENRY A.	
TYLER-HAYWOOD, J. SANDRA	
TYRRELL, Rt. Hon. SIR WILLIAM G.	Q337093
UDEN, MARTIN D.	
UFFEN, KENNETH J.	
UNWIN, SIR KEITH	
UNWIN, PETER W.	Q17916963
URE, SIR JOHN B.	
URQUHART, SIR ROBERT W.	
URWICK, SIR ALAN B.	Q4707953
USSHER, THOMAS N.	Q56795491
VALLAT, SIR FRANCIS A.	
VANE, LORD HARRY G.	
VANSITTART, Rt. Hon. SIR ROBERT G.	Q336379
VARCOE, JEREMY R.L.G.	Q6181990
VAUGHAN, Rt. Hon. Sir CHARLES R.	Q5082023
VAUGHAN, SIR G. EDGAR	Q1507279
VAUGHAN, SIR J.C. TUDOR St.A.	
VAUGHAN-RUSSELL, JOHN F.R.	
VEITCH, ALLAN	
VEREKER, SIR G. GORDON M.	
VEREKER, PETER W.M.	
VESEY-FITZGERALD, Rt. Hon. WILLIAM	
VIBERT, MCINROY E.	
VICARS, EDWARD R.E.	
VTLLIERS, Rt. Hon. SIR FRANCIS HYDE	
VTLLIERS, GERALD HYDE	
VINCENT, IVOR F.S.	
VINES, ERIC V.	
VINING, ROWENA A.	
VIVIAN, Rt. Hon. Sir HUSSEY C.	
VOUSE, TIMOTHY	
WADE, SIR THOMAS F.	
WADE-GERY, SIR ROBERT L.	Q16091350
WADVANI, SANJAY M.	
WAGSTAFF, WILLIAM G.	
WAKEFIELD, SIR EDWARD B., Bt.	
WAKEFIELD, SIR PETER G.A.	
WAKEFIELD-HARREY, CYRIL O.	
WAKELY, LEONARD J.D.	
WALDEN, GEORGE G.H.	Q1508489
WALKER, SIR C. MICHAEL	
WALKER, DAVID C.	
WALKER, SIR HAROLD B.	
WALKER, IAIN	
WALKER, SIR JOHN	
WALKER, JULIAN F.	
WALKER, LAWRENCE E.	
WALKER, MALCOLM T.	
WALKER, ROBERT	
WALL, SIR J. STEPHEN	
WALL, JOHN W.	
WALLACE, CHARLES W.	
WALLACE, WALTER I.J.	
WALLER, SIR THOMAS W., Bt.	
WALLINGER, SIR GEOFFREY A.	Q15811661
WALLIS, Major CHARLES BRAITHWAITE	
WALLIS, SIR PETER G.	
WALMSLEY, ARNOLD R.	
WALPOLE, Hon. ALICE L. 	Q4726144
WALPOLE, HORATIO, LORD	Q5902822
WALPOLE, Hon. JOHN	Q16065952
WALPOLE, THOMAS	Q21555135
WALPOLE, Hon. ROBERT	Q7350832
WALSH, HENRY F.C.	
WALSH, JAMES M.	
WALSH, PAULA	
WALSH ATKINS, LEONARD B.	
WALSHAM, SIR JOHN, Bt.	Q18673992
WARBURTON, DAME ANNE M.	Q4768871
WARBURTON, JOSEPH W.,	
WARD, DAVID	
WARD, DAVID G.	
WARD, EDWARD M.	
WARD, GARETH E.	
WARD, HARRY	
WARD, SIR JOHN G.	Q6236648
WARD, KATHERINE G.L.M.	
WARD, MICHAEL J.	
WARD, THOMAS L.	
WARD, SIR WILLIAM	
WARD, W. ALEC	
WARD, WILLIAM R.	
WARDLE, SHARON	
WARDLE-SMITH, JOHN H.	
WARDROP, JAMES C.	
WARNER, SIR CHRISTOPHER F.A.	
WARNER, SIR EDWARD R.	
WARNER, SIR FREDERICK A. (FRED)	
WARNER, SIR GEORGE R.	
WARR, GEORGE M	
WARR, MARTYN J.	
WARREN, SIR DAVID A.	
WARREN, Admiral Rt. Hon. SIR JOHN B., Bt.	
WARREN, SIR PELHAM L.	
WARREN-GASH, HAYDON B.	Q1591873
WARRINGTON, GUY M.	
WATERFIELD, JOHN P.	
WATERLOW, SIR SYDNEY P.P.	
WATERS, ALAN V.	
WATERS, FRANK G.	
WATERWORTH, PETER A.	Q7177605
WATKINS, BRIAN	
WATKINSON, ARNOLD E.	
WATSON, ARTHUR C.	
WATSON, FREDERICK	
WATSON, J.H. ADAM	
WATSON, SIR N. DUNCAN	
WATT, IAN B.	
WATT, JAMES W.	
WATTS, SIR ARTHUR D.	
WATTS, RONALD G. H.	
WATTS, W. JOHN	
WAUGH, SIR ALEXANDER T.	
WEARING, JOHN F.	
WEBBER, FERNLEY D.	
WEIR, SIR MICHAEL S.	
WELBY, SIR GEORGE E.	
WELD FORESTER, WOLSTAN B.C.	
WELLESLEY, Rt. Hon. RICHARD, 1st MARQUESS	
WELLESLEY, Colonel the Hon. FREDERICK A.	
WELLESLEY, Rt. Hon. SIR HENRY	
WELLESLEY, Rt. Hon. SIR HENRY R.C.	
WELLESLEY, RICHARD G.	
WELLESLEY, SIR VICTOR A.A.H.	
WELLINGTON, Field-Marshal Rt. Hon., ARTHUR, 1st DUKE OF	
WELSH, JOLYON R.	
WENBAN-SMITH, W. NIGEL	
WENNER, MICHAEL A.	
WERE, CECIL A.W.	
WEST, DAVID T.	
WEST, PETER B.	
WESTBROOK, ROGER	
WESTCOTT, NICHOLAS J.	
WESTLAKE, P.A. GRANT	
WESTMACOTT, SIR PETER J.	Q924359
WESTMORLAND, Rt. Hon. the 11th EARL OF	
WESTON, SIR MICHAEL C.S.	
WESTON, SIR P. JOHN	
WETHERELL, GORDON G.	Q3365174
WETHERELL, THOMAS F.	
WETTON, PHILIP H.D.	
WEYMES, JOHN B.	
WHEELER, FRANK B.	
WHEELER, FRASER W.	
WHISKARD, SIR GEOFFREY G.	Q15999068
WHITAKER, GILES D.H.	
WHITAMORE, C. ERIC	
WHITE, ALAN	
WHITE, ALAN	
WHITE, BRYAN O.	
WHITE, C. JOHN B.	
WHITE, DEREK L.	
WHITE, HAROLD C.	
WHITE, SIR HERBERT E.	
WHITE, KATHERINE	
WHITE, KENNETH J.M.	
WHITE, OSWALD	
WHITE, RICHARD M.	
WHITE, Rt. Hon. SIR WILLIAM A.	
WHITE, WILLIAM K.K.	
WHITEHEAD, GEORGE S.	
WHITEHEAD, IAN R.	
WHITEHEAD, SIR J. BEETHOM	
WHITEHEAD, SIR JOHN S.	
WHITESIDE, BERNARD G.	
WHITEWAY, PAUL R.	
WHITLEY, S.P.	
WHITNEY, SIR RAYMOND W.	
WHITTALL, LIONEL H.	
WHITTERIDGE, SIR GORDON C.	
WHITTING, IAN R.	Q16185662
WHITTINGTON, JOSEPH B.	
WHITTINGTON, SIR RICHARD	
WHITWELL, STEPHEN J.	
WHITWORTH, Rt. Hon. CHARLES, 1st LORD	Q4470206
WHOMERSLEY, CHRISTOPHER A.	
WHYTE, SIR W.E. HAMILTON	
WICKHAM, Rt. Hon. WILLIAM	
WICKSTEAD, MYLES A.	
WIGAN, D.P. NEIL	Q17071495
WIGGIN, SIR CHARLES D.	
WIGHTMAN, A.N. SCOTT	Q27983483
WIGRAM, RALPH F.	
WIKELEY, THOMAS	
WILBERFORCE, WILLIAM J.A.	
WILBY, JOHN R.W.	
WILCOX, BERNARD H.	
WILDASH, RICHARD J.	Q20982379
WILDE, JOHN	
WILDE, PETER A.	
WILDMAN, THOMAS B.	
WILES, HARRY	
WILES, C. IMOGEN	
WILFORD, SIR K. MICHAEL	
WILKINS, JOHN L.	
WILKINSON, PETER	
WILKINSON, SIR PETER A.	
WILKINSON, RICHARD D.	
WILKINSON-GUILLEMAND, W. HUGH J.	
WILKS, JONATHAN P.	Q46998047
WILLAN, EDWARD G.	Q1292330
WILLERT, SIR ARTHUR	
WILLIAMS, SIR ALAN M.	
WILLIAMS, SIR ANTHONY J.	Q4773722
WILLIAMS, Rt. Hon. SIR EDWARD J.	
WILLIAMS, GORDON J.B.	
WILLIAMS, SIR JOHN R.	
WILLIAMS, JOHN T.	
WILLIAMS, KATRINA	Q29015909
WILLIAMS, MARTIN J.	
WILLIAMS, SIR MICHAEL S.	
WILLIAMS, NIGEL C.R.	
WILLIAMS, PAUL	
WILLIAMS, PETER K.	
WILLIAMS, STEPHEN M.	
WILLIAMS-WYNN, Rt. Hon. SIR HENRY W.	Q5730255
WILLIAMSON, MARTIN C.	
WILLIAMSON NAPIER, ALBERT N.	
WILLOCK, Lieutenant-Colonel SIR HENRY	Q1607429
WILLSON, JOHN M.	
WILMSHURST, ELIZABETH S.	Q3051282
WILMSHURST, MICHAEL J.	
WILSON, SIR A. DUNCAN	Q4470039
WILSON, CAROLINE M.C.	Q10919113
WILSON, COLIN	
WILSON, SIR DAVID C.	
WILSON, FRASER A.	
WILSON, HUBERT W.	
WILSON, Hon. PETER M.A.	
WILSON, R. DARRELL	
WILSON, ROBERT T.O.	
WILSON, ROGER	
WILSON, SIMON C.H.	
WILSON, WILLIAM	
WILSON, WILLIAM D.	
WILSON-YOUNG, IAN A.D.	
WILTON, SIR A. JOHN	
WILTON, CHRISTOPHER E.J.	
WILTON, SIR ERNEST C.C.	
WILTSHIRE, EDWARD P.	
WINCHESTER, IAN S.	
WINGFIELD, SIR CHARLES J.F.R.	Q15999537
WISEMAN, ROBERT A.	
WODEHOUSE, Hon. Armine	Q4793562
WODEHOUSE, Hon. HENRY	
WODEHOUSE, Rt. Hon. JOHN, 2nd LORD WODEHOUSE	
WOGAN, PATRICK F.M.	
WOLSTENHOLME, KAREN S.	Q16194875
WOOD, ADAM K.C.	Q351194
WOOD, SIR ANDREW M.	
WOOD, CHRISTOPHER T.	
WOOD, SIR J. SEBASTIAN L.	
WOOD, SIR MICHAEL C.	
WOOD, MICHAEL J.M.	
WOOD, RICHARD J.	
WOOD, SIMON A.	
WOOD, TERENCE C.	
WOODFIELD, COLIN K.	
WOODFORD, JOHN W.G.	
WOODHOUSE, ARTHUR W.W.	
WOODROW, GAYFORD W.	
WOODS, Colonel HAROLD E.M.	
WOODS, DAVID J.	
WOODWARD, DAME BARBARA J.	Q18228421
WOOLLER, ARTHUR	
WORDSWORTH, STEPHEN J.	Q7610884
WORSNOP, EDRIC R.	
WORTHINGTON, IAN A.	
WRAIGHT, SIR JOHN R.	
WRATISLAW, ALBERT C.	
WRANGHAM, DIGBY C.	
WRIGHT, DAVID A.	
WRIGHT, SIR DAVID J.	
WRIGHT, SIR DENIS A.H.	
WRIGHT, JOE B.	
WRIGHT, J.H. (HARRY)	
WRIGHT, SIR J. OLIVER	Q7087949
WRIGHT, SIR MICHAEL R.	
WRIGHT, SIR PATRICK R.H.	Q2058046
WRIGHT, SIR PAUL H.G.	
WRIGHT, SIR STEPHEN J.L.	Q7610890
WRIGHT-BRUCE, Hon. SIR FREDERICK W.A.	Q5499163
WYATT, ARTHUR H.	Q19800549
WYATT, DAVID	
WYATT, DAVID J.	
WYKE, Rt. Hon. SIR CHARLES L.	Q18218215
WYLDE, EVERARD W.	
WYLDE, WILLIAM H.	
WYLIE, SIR FRANCIS V.	
WYNDHAM, SIR G. HUGH	Q13522549
WYNDHAM, SIR PERCY C.H.	Q2070233
WYNDHAM, WILLIAM	
WYNDHAM, Hon. WILLIAM F.	
WYSE, SIR THOMAS	Q3525682
YAGHMOURIAN, PAUL B.	
YAPP, JOHN W.	Q56795469
YARNOLD, PATRICK	
YENCKEN, ARTHUR F.	Q4798681
YOUDE, SIR EDWARD	Q459155
YOUNG, SIR C. ALBAN, Bt.	
D. JUNOR YOUNG	
YOUNG, ERIC	
YOUNG, ERIC E.	
YOUNG, FRIEDA M.	
YOUNG, SIR GEORGE, Bt.	
YOUNG, SIR GEORGE P., Bt.	
YOUNG, Major SIR HUBERT W.	
YOUNG, SIR J. ROBERTSON (ROB) YOUNG	
YOUNG, MARIANNE	Q56794991
YOUNG, PETER M.H.	
YOUNG, THOMAS N.	
YOUNG, WILLIAM H.	Q56808168
YVON, CHRISTOPHER	Q56795001
ZEBEDEE, GRAHAM	Q56794998
